name,price,link,RAM Kapasitesi,Kamera Çözünürlüğü,Dahili Hafıza,Ön Kamera Çözünürlüğü,İşletim Sistemi,Şarj Hızı
iPhone 16 Pro 128GB,82.949,https://www.trendyol.com/apple/iphone-16-pro-128gb-siyah-titanyum-p-857296083,8.0,20.0,128.0,12.0,1,30.0
iPhone 16 Pro Max 512GB,109.999,https://www.trendyol.com/apple/iphone-16-pro-max-512gb-col-titanyum-p-857296093,8.0,20.0,512.0,12.0,1,30.0
iPhone 11 128 GB Beyaz,26.999,https://www.trendyol.com/apple/iphone-11-128-gb-beyaz-cep-telefonu-aksesuarsiz-kutu-apple-turkiye-garantili-p-64074794,4.0,20.0,128.0,12.0,1,15.0
iPhone 12 64 GB Beyaz,28.499,https://www.trendyol.com/apple/iphone-12-64-gb-beyaz-cep-telefonu-aksesuarsiz-kutu-apple-turkiye-garantili-p-54706466,4.0,12.5,64.0,8.0,1,15.0
iPhone 16 Pro 128GB,81.999,https://www.trendyol.com/apple/iphone-16-pro-128gb-naturel-titanyum-p-857296098,8.0,20.0,128.0,12.0,1,30.0
iPhone 13 128 GB Yıldız,34.499,https://www.trendyol.com/apple/iphone-13-128-gb-yildiz-isigi-cep-telefonu-apple-turkiye-garantili-p-150059024,4.0,20.0,128.0,12.0,1,15.0
iPhone 16 Pro 128GB,81.999,https://www.trendyol.com/apple/iphone-16-pro-128gb-beyaz-titanyum-p-857296096,8.0,20.0,128.0,12.0,1,30.0
Galaxy A06 128GB,6.87801,https://www.trendyol.com/samsung/galaxy-a06-128gb-siyah-cep-telefonu-samsung-turkiye-garantili-p-857140579,4.0,50.0,128.0,8.0,0,30.0
iPhone 16 256GB Beyaz,74.749,https://www.trendyol.com/apple/iphone-16-256gb-beyaz-p-857296135,8.0,20.0,256.0,12.0,1,30.0
Galaxy A06 128GB Mavi,6.999,https://www.trendyol.com/samsung/galaxy-a06-128gb-mavi-cep-telefonu-samsung-turkiye-garantili-p-857140581,4.0,50.0,128.0,8.0,0,30.0
iPhone 16 Pro Max 256GB,99.999,https://www.trendyol.com/apple/iphone-16-pro-max-256gb-naturel-titanyum-p-857296078,8.0,20.0,256.0,12.0,1,30.0
Redmi Note 13 8 GB RAM,10.684,https://www.trendyol.com/xiaomi/redmi-note-13-8-gb-ram-256-gb-siyah-xiaomi-turkiye-garantili-p-808570790,8.0,20.0,256.0,12.0,0,30.0
iPhone 12 64 GB Mor Cep,27.499,https://www.trendyol.com/apple/iphone-12-64-gb-mor-cep-telefonu-aksesuarsiz-kutu-apple-turkiye-garantili-p-102272722,4.0,12.5,64.0,8.0,1,15.0
iPhone 13 128 GB Siyah,34.099,https://www.trendyol.com/apple/iphone-13-128-gb-siyah-cep-telefonu-apple-turkiye-garantili-p-150058735,4.0,20.0,128.0,12.0,1,15.0
iPhone 16 Pro Max 256GB,99.999,https://www.trendyol.com/apple/iphone-16-pro-max-256gb-beyaz-titanyum-p-857296102,8.0,20.0,256.0,12.0,1,30.0
Redmi 13 8 GB RAM 256,8.899,https://www.trendyol.com/xiaomi/redmi-13-8-gb-ram-256-gb-siyah-cep-telefonu-xiaomi-turkiye-garantili-p-836127382,8.0,20.0,256.0,13.0,0,30.0
iPhone 16 Pro 256GB,89.949,https://www.trendyol.com/apple/iphone-16-pro-256gb-siyah-titanyum-p-857296104,8.0,20.0,256.0,12.0,1,30.0
C65 8 GB RAM 256 GB,7.317,https://www.trendyol.com/poco/c65-8-gb-ram-256-gb-siyah-xiaomi-turkiye-garantili-p-809388083,8.0,20.0,256.0,8.0,0,15.0
iPhone 16 Pro 128GB Çöl,82.999,https://www.trendyol.com/apple/iphone-16-pro-128gb-col-titanyum-p-857296094,8.0,20.0,128.0,12.0,1,30.0
Smart Translator,2.994,https://www.trendyol.com/italky/smart-translator-elektronik-ceviri-136-dilde-ceviri-turkce-menu-p-860692688,1.0,7.5,8.0,0.0,0,30.0
iPhone 16 128GB Siyah,61.399,https://www.trendyol.com/apple/iphone-16-128gb-siyah-p-857296095,8.0,20.0,128.0,12.0,1,30.0
Phone (1) 256 GB 8 GB,15.4,https://www.trendyol.com/nothing/phone-1-256-gb-8-gb-ram-siyah-cep-telefonu-nothing-turkiye-garantili-p-706411030,8.0,20.0,256.0,12.0,0,30.0
iPhone 16 Pro 256GB Çöl,87.999,https://www.trendyol.com/apple/iphone-16-pro-256gb-col-titanyum-p-857296087,8.0,20.0,256.0,12.0,1,30.0
S23 Pro Max 256 GB,4.799,https://www.trendyol.com/reeder/s23-pro-max-256-gb-siyah-cep-telefonu-reeder-turkiye-garantili-p-771120433,8.0,20.0,256.0,20.0,0,15.0
Yenilenmiş iPhone 11 64,15.13,https://www.trendyol.com/apple/yenilenmis-iphone-11-64-gb-beyaz-a-grade-p-752408147,4.0,20.0,64.0,12.0,0,30.0
iPhone 16 Pro 128GB,82.949,https://www.trendyol.com/apple/iphone-16-pro-128gb-siyah-titanyum-p-857296083,8.0,20.0,128.0,12.0,1,30.0
14T Pro 512 GB Gri,39.90905,https://www.trendyol.com/xiaomi/14t-pro-512-gb-gri-xiaomi-turkiye-garantili-p-859623139,12.0,50.0,512.0,8.0,0,30.0
iPhone 16 Pro Max 512GB,109.999,https://www.trendyol.com/apple/iphone-16-pro-max-512gb-col-titanyum-p-857296093,8.0,20.0,512.0,12.0,1,30.0
S19 Max 4GB+128 GB,3.399,https://www.trendyol.com/reeder/s19-max-4gb-128-gb-beyaz-cep-telefonu-reeder-turkiye-garantili-p-319962487,4.0,5.0,128.0,5.0,0,15.0
iPhone 11 128 GB Beyaz,26.999,https://www.trendyol.com/apple/iphone-11-128-gb-beyaz-cep-telefonu-aksesuarsiz-kutu-apple-turkiye-garantili-p-64074794,4.0,20.0,128.0,12.0,1,15.0
12 Lite 8 256 Gb Kaya,8.488,https://www.trendyol.com/realme/12-lite-8-256-gb-kaya-siyahi-p-826542289,8.0,20.0,256.0,12.0,0,30.0
iPhone 12 64 GB Beyaz,28.499,https://www.trendyol.com/apple/iphone-12-64-gb-beyaz-cep-telefonu-aksesuarsiz-kutu-apple-turkiye-garantili-p-54706466,4.0,12.5,64.0,8.0,1,15.0
Reno11 F 5G 8 GB RAM 256,16.499,https://www.trendyol.com/oppo/reno11-f-5g-8-gb-ram-256-gb-palmiye-yesili-akilli-telefon-oppo-turkiye-garantili-p-831048833,8.0,20.0,256.0,32.0,0,70.0
iPhone 16 Pro 128GB,81.999,https://www.trendyol.com/apple/iphone-16-pro-128gb-naturel-titanyum-p-857296098,8.0,20.0,128.0,12.0,1,30.0
SPARK 20 Pro 256 GB / 8,8.298,https://www.trendyol.com/tecno/spark-20-pro-256-gb-8-gb-ram-tecno-turkiye-garantili-p-820444506,16.0,20.0,256.0,12.0,0,30.0
iPhone 16 Pro 128GB,81.999,https://www.trendyol.com/apple/iphone-16-pro-128gb-beyaz-titanyum-p-857296096,8.0,20.0,128.0,12.0,1,30.0
Yenilenmiş iPhone 11 64,14.899,https://www.trendyol.com/apple/yenilenmis-iphone-11-64-gb-beyaz-cep-telefonu-12-ay-garantili-b-kalite-p-316177451,4.0,20.0,64.0,12.0,0,30.0
iPhone 16 256GB Beyaz,74.749,https://www.trendyol.com/apple/iphone-16-256gb-beyaz-p-857296135,8.0,20.0,256.0,12.0,1,30.0
Galaxy A55 256 GB,18.7,https://www.trendyol.com/samsung/galaxy-a55-256-gb-siyah-cep-telefonu-samsung-turkiye-garantili-p-816445676,8.0,50.0,256.0,32.0,0,30.0
iPhone 16 Pro Max 256GB,99.999,https://www.trendyol.com/apple/iphone-16-pro-max-256gb-naturel-titanyum-p-857296078,8.0,20.0,256.0,12.0,1,30.0
Spark 20 8/128 GB,5.98,https://www.trendyol.com/tecno/spark-20-8-128-gb-tecno-turkiye-garantili-p-815116193,8.0,50.0,128.0,12.0,0,30.0
iPhone 12 64 GB Mor Cep,27.499,https://www.trendyol.com/apple/iphone-12-64-gb-mor-cep-telefonu-aksesuarsiz-kutu-apple-turkiye-garantili-p-102272722,4.0,12.5,64.0,8.0,1,15.0
Galaxy S24 FE 5g,27.789,https://www.trendyol.com/samsung/galaxy-s24-fe-5g-8-256-gb-akilli-telefon-grafit-p-864687875,8.0,50.0,256.0,12.0,0,30.0
iPhone 16 Pro Max 256GB,99.999,https://www.trendyol.com/apple/iphone-16-pro-max-256gb-beyaz-titanyum-p-857296102,8.0,20.0,256.0,12.0,1,30.0
Galaxy M15 128 GB Gri,7.7,https://www.trendyol.com/samsung/galaxy-m15-128-gb-gri-cep-telefonu-samsung-turkiye-garantili-p-809120091,4.0,20.0,128.0,10.0,0,50.0
iPhone 16 Pro 256GB,89.949,https://www.trendyol.com/apple/iphone-16-pro-256gb-siyah-titanyum-p-857296104,8.0,20.0,256.0,12.0,1,30.0
SPARK 20 Pro 256 GB / 8,8.46302,https://www.trendyol.com/tecno/spark-20-pro-256-gb-8-gb-ram-tecno-turkiye-garantili-p-814361520,16.0,20.0,256.0,12.0,0,30.0
iPhone 16 Pro 128GB Çöl,82.999,https://www.trendyol.com/apple/iphone-16-pro-128gb-col-titanyum-p-857296094,8.0,20.0,128.0,12.0,1,30.0
Galaxy M15 128 GB,7.65,https://www.trendyol.com/samsung/galaxy-m15-128-gb-koyu-mavi-cep-telefonu-samsung-turkiye-garantili-p-809120333,4.0,20.0,128.0,10.0,0,50.0
iPhone 16 Pro 128GB,82.949,https://www.trendyol.com/apple/iphone-16-pro-128gb-siyah-titanyum-p-857296083,8.0,20.0,128.0,12.0,1,30.0
Yenilenmiş iPhone 11,18.289,https://www.trendyol.com/apple/yenilenmis-iphone-11-128-gb-beyaz-cep-telefonu-12-ay-garantili-a-kalite-p-665663788,4.0,20.0,128.0,12.0,0,30.0
iPhone 16 Pro Max 512GB,109.999,https://www.trendyol.com/apple/iphone-16-pro-max-512gb-col-titanyum-p-857296093,8.0,20.0,512.0,12.0,1,30.0
Hot 30 256 Gb 8 Gb,6.499,https://www.trendyol.com/infinix/hot-30-256-gb-8-gb-ram-cep-telefonu-turkiye-garantili-p-739658892,8.0,50.0,256.0,12.0,0,30.0
iPhone 11 128 GB Beyaz,26.999,https://www.trendyol.com/apple/iphone-11-128-gb-beyaz-cep-telefonu-aksesuarsiz-kutu-apple-turkiye-garantili-p-64074794,4.0,20.0,128.0,12.0,1,15.0
Galaxy S21 Fe 5g 128,16.499,https://www.trendyol.com/samsung/galaxy-s21-fe-5g-128-gb-8-gb-ram-gri-p-781304955,8.0,12.5,128.0,20.0,0,30.0
iPhone 12 64 GB Beyaz,28.499,https://www.trendyol.com/apple/iphone-12-64-gb-beyaz-cep-telefonu-aksesuarsiz-kutu-apple-turkiye-garantili-p-54706466,4.0,12.5,64.0,8.0,1,15.0
Galaxy A05s 128 GB,7.799,https://www.trendyol.com/samsung/galaxy-a05s-128-gb-siyah-cep-telefonu-samsung-turkiye-garantili-p-793616437,4.0,50.0,128.0,10.0,0,30.0
iPhone 16 Pro 128GB,81.999,https://www.trendyol.com/apple/iphone-16-pro-128gb-naturel-titanyum-p-857296098,8.0,20.0,128.0,12.0,1,30.0
S19 Max Pro 256 GB 6,4.39,https://www.trendyol.com/reeder/s19-max-pro-256-gb-6-gb-ram-siyah-cep-telefonu-reeder-turkiye-garantili-p-335141517,6.0,20.0,256.0,16.0,0,70.0
iPhone 16 Pro 128GB,81.999,https://www.trendyol.com/apple/iphone-16-pro-128gb-beyaz-titanyum-p-857296096,8.0,20.0,128.0,12.0,1,30.0
S19 Max Pro 4GB+128 GB,3.849,https://www.trendyol.com/reeder/s19-max-pro-4gb-128-gb-siyah-cep-telefonu-reeder-turkiye-garantili-p-411322828,6.0,20.0,128.0,8.0,0,30.0
iPhone 16 256GB Beyaz,74.749,https://www.trendyol.com/apple/iphone-16-256gb-beyaz-p-857296135,8.0,20.0,256.0,12.0,1,30.0
iPhone 15 Plus 128 GB,59.975,https://www.trendyol.com/apple/iphone-15-plus-128-gb-siyah-p-762254831,6.0,20.0,128.0,12.0,1,90.0
iPhone 16 Pro Max 256GB,99.999,https://www.trendyol.com/apple/iphone-16-pro-max-256gb-naturel-titanyum-p-857296078,8.0,20.0,256.0,12.0,1,30.0
14T Pro 512 GB Siyah,41.29801,https://www.trendyol.com/xiaomi/14t-pro-512-gb-siyah-xiaomi-turkiye-garantili-p-859623150,12.0,50.0,512.0,8.0,0,30.0
iPhone 12 64 GB Mor Cep,27.499,https://www.trendyol.com/apple/iphone-12-64-gb-mor-cep-telefonu-aksesuarsiz-kutu-apple-turkiye-garantili-p-102272722,4.0,12.5,64.0,8.0,1,15.0
Yenilenmiş Iphone 13,30.949,https://www.trendyol.com/apple/yenilenmis-iphone-13-128-gb-mavi-a-grade-p-689221923,4.0,20.0,128.0,12.0,0,30.0
iPhone 16 Pro Max 256GB,99.999,https://www.trendyol.com/apple/iphone-16-pro-max-256gb-beyaz-titanyum-p-857296102,8.0,20.0,256.0,12.0,1,30.0
Redmi 13 8 GB RAM 256,8.899,https://www.trendyol.com/xiaomi/redmi-13-8-gb-ram-256-gb-sari-cep-telefonu-xiaomi-turkiye-garantili-p-836127383,8.0,20.0,256.0,13.0,0,30.0
iPhone 16 Pro 256GB,89.949,https://www.trendyol.com/apple/iphone-16-pro-256gb-siyah-titanyum-p-857296104,8.0,20.0,256.0,12.0,1,30.0
Galaxy S23 Ultra 512,52.999,https://www.trendyol.com/samsung/galaxy-s23-ultra-512-gb-siyah-cep-telefonu-samsung-turkiye-garantili-p-635097861,8.0,20.0,512.0,8.0,0,50.0
iPhone 16 Pro 128GB Çöl,82.999,https://www.trendyol.com/apple/iphone-16-pro-128gb-col-titanyum-p-857296094,8.0,20.0,128.0,12.0,1,30.0
Galaxy S24 128 GB,32.199,https://www.trendyol.com/samsung/galaxy-s24-128-gb-siyah-cep-telefonu-samsung-turkiye-garantili-p-792043222,8.0,20.0,128.0,12.0,0,30.0
iPhone 16 Pro 128GB,82.949,https://www.trendyol.com/apple/iphone-16-pro-128gb-siyah-titanyum-p-857296083,8.0,20.0,128.0,12.0,1,30.0
iPhone 14 128 GB Yıldız,42.349,https://www.trendyol.com/apple/iphone-14-128-gb-yildiz-isigi-p-355707118,6.0,20.0,128.0,12.0,1,30.0
iPhone 16 Pro Max 512GB,109.999,https://www.trendyol.com/apple/iphone-16-pro-max-512gb-col-titanyum-p-857296093,8.0,20.0,512.0,12.0,1,30.0
Redmi Note 12 128 GB 8,9.21549,https://www.trendyol.com/xiaomi/redmi-note-12-128-gb-8-gb-ram-buz-mavisi-cep-telefonu-xiaomi-turkiye-garantili-p-761535602,6.0,20.0,128.0,8.0,0,30.0
iPhone 11 128 GB Beyaz,26.999,https://www.trendyol.com/apple/iphone-11-128-gb-beyaz-cep-telefonu-aksesuarsiz-kutu-apple-turkiye-garantili-p-64074794,4.0,20.0,128.0,12.0,1,15.0
Yenilenmiş Iphone 11,17.16997,https://www.trendyol.com/apple/yenilenmis-iphone-11-128-gb-beyaz-128-gb-beyaz-b-grade-p-688908361,4.0,20.0,128.0,12.0,0,30.0
iPhone 12 64 GB Beyaz,28.499,https://www.trendyol.com/apple/iphone-12-64-gb-beyaz-cep-telefonu-aksesuarsiz-kutu-apple-turkiye-garantili-p-54706466,4.0,12.5,64.0,8.0,1,15.0
Galaxy A15 6 GB RAM,9.499,https://www.trendyol.com/samsung/galaxy-a15-6-gb-ram-128-gb-siyah-samsung-turkiye-garantili-p-793616427,6.0,50.0,128.0,10.0,0,30.0
iPhone 16 Pro 128GB,81.999,https://www.trendyol.com/apple/iphone-16-pro-128gb-naturel-titanyum-p-857296098,8.0,20.0,128.0,12.0,1,30.0
C65 8 GB RAM 256 GB Mavi,7.425,https://www.trendyol.com/poco/c65-8-gb-ram-256-gb-mavi-xiaomi-turkiye-garantili-p-809388025,8.0,20.0,256.0,8.0,0,15.0
iPhone 16 Pro 128GB,81.999,https://www.trendyol.com/apple/iphone-16-pro-128gb-beyaz-titanyum-p-857296096,8.0,20.0,128.0,12.0,1,30.0
iPhone 16 256GB Beyaz,74.749,https://www.trendyol.com/apple/iphone-16-256gb-beyaz-p-857296135,8.0,20.0,256.0,12.0,1,30.0
Galaxy S23 Ultra 512,52.999,https://www.trendyol.com/samsung/galaxy-s23-ultra-512-gb-krem-cep-telefonu-samsung-turkiye-garantili-p-635097866,8.0,20.0,512.0,8.0,0,50.0
iPhone 16 Pro Max 256GB,99.999,https://www.trendyol.com/apple/iphone-16-pro-max-256gb-naturel-titanyum-p-857296078,8.0,20.0,256.0,12.0,1,30.0
Galaxy S24 Ultra 512,64.349,https://www.trendyol.com/samsung/galaxy-s24-ultra-512-gb-titanyum-gri-samsung-turkiye-garantili-p-792557597,12.0,20.0,512.0,10.0,0,50.0
iPhone 12 64 GB Mor Cep,27.499,https://www.trendyol.com/apple/iphone-12-64-gb-mor-cep-telefonu-aksesuarsiz-kutu-apple-turkiye-garantili-p-102272722,4.0,12.5,64.0,8.0,1,15.0
iPhone 15 Plus 128 GB,60.899,https://www.trendyol.com/apple/iphone-15-plus-128-gb-pembe-p-762254861,6.0,20.0,128.0,12.0,1,90.0
iPhone 16 Pro Max 256GB,99.999,https://www.trendyol.com/apple/iphone-16-pro-max-256gb-beyaz-titanyum-p-857296102,8.0,20.0,256.0,12.0,1,30.0
Galaxy S24 Ultra 256,60.348,https://www.trendyol.com/samsung/galaxy-s24-ultra-256-gb-titanyum-gri-samsung-turkiye-garantili-p-792557583,12.0,20.0,256.0,10.0,0,50.0
iPhone 16 Pro 256GB,89.949,https://www.trendyol.com/apple/iphone-16-pro-256gb-siyah-titanyum-p-857296104,8.0,20.0,256.0,12.0,1,30.0
Redmi 13C 8 GB RAM 256,8.40276,https://www.trendyol.com/xiaomi/redmi-13c-8-gb-ram-256-gb-lacivert-cep-telefonu-xiaomi-turkiye-garantili-p-789833302,8.0,20.0,256.0,8.0,0,15.0
iPhone 16 Pro 128GB Çöl,82.999,https://www.trendyol.com/apple/iphone-16-pro-128gb-col-titanyum-p-857296094,8.0,20.0,128.0,12.0,1,30.0
Yenilenmiş Iphone 11,16.66997,https://www.trendyol.com/apple/yenilenmis-iphone-11-128-gb-mor-128-gb-mor-b-grade-p-689223273,4.0,20.0,128.0,12.0,0,30.0
Yenilenmiş Oppo Reno 5,7.499,https://www.trendyol.com/oppo/yenilenmis-oppo-reno-5-lite-128-gb-siyah-cep-telefonu-12-ay-garantili-c-kalite-p-852471374,7.875,20.0,128.0,12.0,0,30.0
iPhone 16 Pro 128GB,82.949,https://www.trendyol.com/apple/iphone-16-pro-128gb-siyah-titanyum-p-857296083,8.0,20.0,128.0,12.0,1,30.0
X6 Pro 5G 8 GB RAM 256,17.19144,https://www.trendyol.com/poco/x6-pro-5g-8-gb-ram-256-gb-siyah-cep-telefonu-p-795336745,8.0,20.0,256.0,12.0,0,30.0
iPhone 16 Pro Max 512GB,109.999,https://www.trendyol.com/apple/iphone-16-pro-max-512gb-col-titanyum-p-857296093,8.0,20.0,512.0,12.0,1,30.0
S19 Max 2 2/128 Gb,3.129,https://www.trendyol.com/reeder/s19-max-2-2-128-gb-beyaz-p-830228135,2.0,20.0,128.0,5.0,0,15.0
iPhone 11 128 GB Beyaz,26.999,https://www.trendyol.com/apple/iphone-11-128-gb-beyaz-cep-telefonu-aksesuarsiz-kutu-apple-turkiye-garantili-p-64074794,4.0,20.0,128.0,12.0,1,15.0
Y28 256 Gb 8 Gb Ram (,8.518,https://www.trendyol.com/vivo/y28-256-gb-8-gb-ram-turkiye-garantili-p-840053587,8.0,50.0,256.0,8.0,0,30.0
iPhone 12 64 GB Beyaz,28.499,https://www.trendyol.com/apple/iphone-12-64-gb-beyaz-cep-telefonu-aksesuarsiz-kutu-apple-turkiye-garantili-p-54706466,4.0,12.5,64.0,8.0,1,15.0
Yenilenmiş Galaxy A73,13.249,https://www.trendyol.com/samsung/yenilenmis-galaxy-a73-128-gb-cep-telefonu-12-ay-garantili-p-719468069,8.0,20.0,128.0,12.0,0,30.0
iPhone 16 Pro 128GB,81.999,https://www.trendyol.com/apple/iphone-16-pro-128gb-naturel-titanyum-p-857296098,8.0,20.0,128.0,12.0,1,30.0
Redmi 14C 8 GB RAM 256,8.969,https://www.trendyol.com/xiaomi/redmi-14c-8-gb-ram-256-gb-siyah-xiaomi-turkiye-garantili-p-869864073,8.0,20.0,256.0,13.0,0,15.0
iPhone 16 Pro 128GB,81.999,https://www.trendyol.com/apple/iphone-16-pro-128gb-beyaz-titanyum-p-857296096,8.0,20.0,128.0,12.0,1,30.0
V29 Lite 5g 256 Gb 8 Gb,11.999,https://www.trendyol.com/vivo/v29-lite-5g-256-gb-8-gb-ram-siyah-elmas-isiltisi-turkiye-garantili-p-745276956,8.0,20.0,256.0,12.0,0,30.0
iPhone 16 256GB Beyaz,74.749,https://www.trendyol.com/apple/iphone-16-256gb-beyaz-p-857296135,8.0,20.0,256.0,12.0,1,30.0
GM 23 Se 128,5.379,https://www.trendyol.com/general-mobile/gm-23-se-128-gb-4-2-gb-ram-cep-telefonu-p-773570083,4.0,20.0,128.0,8.0,0,15.0
iPhone 16 Pro Max 256GB,99.999,https://www.trendyol.com/apple/iphone-16-pro-max-256gb-naturel-titanyum-p-857296078,8.0,20.0,256.0,12.0,1,30.0
Galaxy M15 128 GB,7.72,https://www.trendyol.com/samsung/galaxy-m15-128-gb-acik-mavi-cep-telefonu-samsung-turkiye-garantili-p-809120276,4.0,20.0,128.0,10.0,0,50.0
iPhone 12 64 GB Mor Cep,27.499,https://www.trendyol.com/apple/iphone-12-64-gb-mor-cep-telefonu-aksesuarsiz-kutu-apple-turkiye-garantili-p-102272722,4.0,12.5,64.0,8.0,1,15.0
Redmi Note 13 Pro 8 GB,14.3213,https://www.trendyol.com/xiaomi/redmi-note-13-pro-8-gb-ram-256-gb-mor-cep-telefonu-xiaomi-turkiye-garantili-p-797235141,8.0,20.0,256.0,16.0,0,70.0
iPhone 16 Pro Max 256GB,99.999,https://www.trendyol.com/apple/iphone-16-pro-max-256gb-beyaz-titanyum-p-857296102,8.0,20.0,256.0,12.0,1,30.0
Galaxy S23 FE 128 GB,22.787,https://www.trendyol.com/samsung/galaxy-s23-fe-128-gb-gri-samsung-turkiye-garantili-p-767487797,8.0,20.0,128.0,8.0,0,30.0
iPhone 16 Pro 256GB,89.949,https://www.trendyol.com/apple/iphone-16-pro-256gb-siyah-titanyum-p-857296104,8.0,20.0,256.0,12.0,1,30.0
Hot 40i 8gb Ram 8gb,7.6,https://www.trendyol.com/infinix/hot-40i-8gb-ram-8gb-sanal-ram-256gb-hafiza-siyah-turkiye-garantili-p-786061979,8.0,50.0,256.0,32.0,0,50.0
iPhone 16 Pro 128GB Çöl,82.999,https://www.trendyol.com/apple/iphone-16-pro-128gb-col-titanyum-p-857296094,8.0,20.0,128.0,12.0,1,30.0
Galaxy S24 Ultra 256,60.999,https://www.trendyol.com/samsung/galaxy-s24-ultra-256-gb-titanyum-siyah-samsung-turkiye-garantili-p-792557582,12.0,20.0,256.0,10.0,0,50.0
iPhone 16 Pro 128GB,82.949,https://www.trendyol.com/apple/iphone-16-pro-128gb-siyah-titanyum-p-857296083,8.0,20.0,128.0,12.0,1,30.0
Redmi Note 13 Pro 8 GB,14.4845,https://www.trendyol.com/xiaomi/redmi-note-13-pro-8-gb-ram-256-gb-yesil-cep-telefonu-xiaomi-turkiye-garantili-p-797235140,8.0,20.0,256.0,16.0,0,70.0
iPhone 16 Pro Max 512GB,109.999,https://www.trendyol.com/apple/iphone-16-pro-max-512gb-col-titanyum-p-857296093,8.0,20.0,512.0,12.0,1,30.0
Galaxy A25 5g 8 Gb,12.999,https://www.trendyol.com/samsung/galaxy-a25-5g-8-gb-ram-256-gb-siyah-p-793616434,8.0,50.0,256.0,10.0,0,30.0
iPhone 11 128 GB Beyaz,26.999,https://www.trendyol.com/apple/iphone-11-128-gb-beyaz-cep-telefonu-aksesuarsiz-kutu-apple-turkiye-garantili-p-64074794,4.0,20.0,128.0,12.0,1,15.0
Yenilenmiş iPhone X 64,11.199,https://www.trendyol.com/apple/yenilenmis-iphone-x-64-gb-gumus-cep-telefonu-12-ay-garantili-a-kalite-p-689226938,4.0,20.0,64.0,12.0,0,30.0
iPhone 12 64 GB Beyaz,28.499,https://www.trendyol.com/apple/iphone-12-64-gb-beyaz-cep-telefonu-aksesuarsiz-kutu-apple-turkiye-garantili-p-54706466,4.0,12.5,64.0,8.0,1,15.0
Redmi Note 13 8 GB RAM,10.999,https://www.trendyol.com/xiaomi/redmi-note-13-8-gb-ram-256-gb-yesil-xiaomi-turkiye-garantili-p-808570629,8.0,20.0,256.0,12.0,0,30.0
iPhone 16 Pro 128GB,81.999,https://www.trendyol.com/apple/iphone-16-pro-128gb-naturel-titanyum-p-857296098,8.0,20.0,128.0,12.0,1,30.0
Yenilenmiş Samsung,28.199,https://www.trendyol.com/samsung/yenilenmis-samsung-galaxy-s23-256-gb-yesil-cep-telefonu-12-ay-garantili-b-kalite-p-848786068,7.875,20.0,256.0,12.0,0,30.0
iPhone 16 Pro 128GB,81.999,https://www.trendyol.com/apple/iphone-16-pro-128gb-beyaz-titanyum-p-857296096,8.0,20.0,128.0,12.0,1,30.0
S23 Pro Max 256 GB,5.299,https://www.trendyol.com/reeder/s23-pro-max-256-gb-mavi-cep-telefonu-reeder-turkiye-garantili-p-774657326,8.0,20.0,256.0,20.0,0,15.0
iPhone 16 256GB Beyaz,74.749,https://www.trendyol.com/apple/iphone-16-256gb-beyaz-p-857296135,8.0,20.0,256.0,12.0,1,30.0
Galaxy A35 256 GB,15.155,https://www.trendyol.com/samsung/galaxy-a35-256-gb-siyah-cep-telefonu-samsung-turkiye-garantili-p-816445621,8.0,50.0,256.0,13.0,0,30.0
iPhone 16 Pro Max 256GB,99.999,https://www.trendyol.com/apple/iphone-16-pro-max-256gb-naturel-titanyum-p-857296078,8.0,20.0,256.0,12.0,1,30.0
S19 Max Pro S 8GB+128,4.039,https://www.trendyol.com/reeder/s19-max-pro-s-8gb-128-gb-mor-cep-telefonu-reeder-turkiye-garantili-p-686788998,8.0,17.5,128.0,5.0,0,15.0
iPhone 12 64 GB Mor Cep,27.499,https://www.trendyol.com/apple/iphone-12-64-gb-mor-cep-telefonu-aksesuarsiz-kutu-apple-turkiye-garantili-p-102272722,4.0,12.5,64.0,8.0,1,15.0
iPhone 15 Pro 128 GB,81.399,https://www.trendyol.com/apple/iphone-15-pro-128-gb-naturel-titanyum-p-762254869,8.0,20.0,128.0,12.0,1,70.0
iPhone 16 Pro Max 256GB,99.999,https://www.trendyol.com/apple/iphone-16-pro-max-256gb-beyaz-titanyum-p-857296102,8.0,20.0,256.0,12.0,1,30.0
12Pro 8GB+256GB Akıllı,16.79899,https://www.trendyol.com/realme/12pro-8gb-256gb-akilli-telefon-kasif-beji-p-848512531,8.0,50.0,256.0,12.0,0,30.0
iPhone 16 Pro 256GB,89.949,https://www.trendyol.com/apple/iphone-16-pro-256gb-siyah-titanyum-p-857296104,8.0,20.0,256.0,12.0,1,30.0
iPhone 14 128 GB Mor,42.349,https://www.trendyol.com/apple/iphone-14-128-gb-mor-p-355707172,6.0,20.0,128.0,12.0,1,30.0
iPhone 16 Pro 128GB Çöl,82.999,https://www.trendyol.com/apple/iphone-16-pro-128gb-col-titanyum-p-857296094,8.0,20.0,128.0,12.0,1,30.0
Yenilenmiş iPhone 13,50.999,https://www.trendyol.com/apple/yenilenmis-iphone-13-pro-128-gb-altin-a-grade-p-689223374,4.0,20.0,128.0,12.0,0,30.0
iPhone 16 Pro 128GB,82.949,https://www.trendyol.com/apple/iphone-16-pro-128gb-siyah-titanyum-p-857296083,8.0,20.0,128.0,12.0,1,30.0
iPhone 16 Pro Max 256GB,99.999,https://www.trendyol.com/apple/iphone-16-pro-max-256gb-col-titanyum-p-857296109,8.0,20.0,256.0,12.0,1,30.0
iPhone 16 Pro Max 512GB,109.999,https://www.trendyol.com/apple/iphone-16-pro-max-512gb-col-titanyum-p-857296093,8.0,20.0,512.0,12.0,1,30.0
Galaxy A24 128 GB,11.649,https://www.trendyol.com/samsung/galaxy-a24-128-gb-gumus-cep-telefonu-samsung-turkiye-garantili-p-700100965,6.0,17.5,128.0,13.0,0,30.0
iPhone 11 128 GB Beyaz,26.999,https://www.trendyol.com/apple/iphone-11-128-gb-beyaz-cep-telefonu-aksesuarsiz-kutu-apple-turkiye-garantili-p-64074794,4.0,20.0,128.0,12.0,1,15.0
A60 8 GB RAM 128 GB Gece,9.749,https://www.trendyol.com/oppo/a60-8-gb-ram-128-gb-gece-moru-cep-telefonu-oppo-turkiye-garantili-p-849749250,8.0,50.0,128.0,8.0,0,50.0
iPhone 12 64 GB Beyaz,28.499,https://www.trendyol.com/apple/iphone-12-64-gb-beyaz-cep-telefonu-aksesuarsiz-kutu-apple-turkiye-garantili-p-54706466,4.0,12.5,64.0,8.0,1,15.0
Galaxy S24 FE 5g,27.749,https://www.trendyol.com/samsung/galaxy-s24-fe-5g-8-256-gb-akilli-telefon-mavi-p-864687488,8.0,50.0,256.0,12.0,0,30.0
iPhone 16 Pro 128GB,81.999,https://www.trendyol.com/apple/iphone-16-pro-128gb-naturel-titanyum-p-857296098,8.0,20.0,128.0,12.0,1,30.0
Galaxy A55 5G 128 GB,17.39,https://www.trendyol.com/samsung/galaxy-a55-5g-128-gb-8-gb-ram-buz-mavisi-samsung-turkiye-garantili-p-820703067,8.0,20.0,128.0,32.0,0,30.0
iPhone 16 Pro 128GB,81.999,https://www.trendyol.com/apple/iphone-16-pro-128gb-beyaz-titanyum-p-857296096,8.0,20.0,128.0,12.0,1,30.0
iPhone 15 128 GB Pembe,52.599,https://www.trendyol.com/apple/iphone-15-128-gb-pembe-p-762254841,6.0,20.0,128.0,12.0,1,15.0
iPhone 16 256GB Beyaz,74.749,https://www.trendyol.com/apple/iphone-16-256gb-beyaz-p-857296135,8.0,20.0,256.0,12.0,1,30.0
X6 5G 12 GB RAM 512 GB,16.24405,https://www.trendyol.com/poco/x6-5g-12-gb-ram-512-gb-mavi-cep-telefonu-xiaomi-turkiye-garantili-p-844135687,12.0,20.0,512.0,12.0,0,30.0
iPhone 16 Pro Max 256GB,99.999,https://www.trendyol.com/apple/iphone-16-pro-max-256gb-naturel-titanyum-p-857296078,8.0,20.0,256.0,12.0,1,30.0
S23 Pro Max 1 TB Siyah,7.3,https://www.trendyol.com/reeder/s23-pro-max-1-tb-siyah-p-830457728,8.0,20.0,1024.0,12.0,0,30.0
iPhone 12 64 GB Mor Cep,27.499,https://www.trendyol.com/apple/iphone-12-64-gb-mor-cep-telefonu-aksesuarsiz-kutu-apple-turkiye-garantili-p-102272722,4.0,12.5,64.0,8.0,1,15.0
Galaxy S24 Plus 256,39.5,https://www.trendyol.com/samsung/galaxy-s24-plus-256-gb-gri-samsung-turkiye-garantili-p-792775334,12.0,7.5,256.0,12.0,0,50.0
iPhone 16 Pro Max 256GB,99.999,https://www.trendyol.com/apple/iphone-16-pro-max-256gb-beyaz-titanyum-p-857296102,8.0,20.0,256.0,12.0,1,30.0
Yenilenmiş iPhone 13,50.999,https://www.trendyol.com/apple/yenilenmis-iphone-13-pro-128-gb-grafit-a-grade-p-689224359,4.0,20.0,128.0,12.0,0,30.0
iPhone 16 Pro 256GB,89.949,https://www.trendyol.com/apple/iphone-16-pro-256gb-siyah-titanyum-p-857296104,8.0,20.0,256.0,12.0,1,30.0
Red Magic 9s Pro 12 Gb,48.999,https://www.trendyol.com/nubia/red-magic-9s-pro-12-gb-256-gb-siyah-cep-telefonu-redmagic-turkiye-garantili-p-855994803,12.0,50.0,256.0,16.0,0,70.0
iPhone 16 Pro 128GB Çöl,82.999,https://www.trendyol.com/apple/iphone-16-pro-128gb-col-titanyum-p-857296094,8.0,20.0,128.0,12.0,1,30.0
Galaxy S24 FE 128 GB,28.085,https://www.trendyol.com/samsung/galaxy-s24-fe-128-gb-grafit-cep-telefonu-samsung-turkiye-garantili-p-857140576,8.0,50.0,128.0,10.0,0,30.0
iPhone 16 Pro 128GB,82.949,https://www.trendyol.com/apple/iphone-16-pro-128gb-siyah-titanyum-p-857296083,8.0,20.0,128.0,12.0,1,30.0
Yenilenmiş iPhone 13,30.999,https://www.trendyol.com/apple/yenilenmis-iphone-13-128-gb-beyaz-p-676512348,7.875,20.0,128.0,12.0,0,30.0
iPhone 16 Pro Max 512GB,109.999,https://www.trendyol.com/apple/iphone-16-pro-max-512gb-col-titanyum-p-857296093,8.0,20.0,512.0,12.0,1,30.0
Z60 Ultra 16GB+512GB,50.999,https://www.trendyol.com/nubia/z60-ultra-16gb-512gb-p-875681039,7.875,20.0,512.0,12.0,0,30.0
iPhone 11 128 GB Beyaz,26.999,https://www.trendyol.com/apple/iphone-11-128-gb-beyaz-cep-telefonu-aksesuarsiz-kutu-apple-turkiye-garantili-p-64074794,4.0,20.0,128.0,12.0,1,15.0
A3 6GB Ram 128 GB Siyah,9.999,https://www.trendyol.com/oppo/a3-6gb-ram-128-gb-siyah-cep-telefonu-oppo-turkiye-garantili-p-878200291,6.0,50.0,128.0,5.0,0,50.0
iPhone 12 64 GB Beyaz,28.499,https://www.trendyol.com/apple/iphone-12-64-gb-beyaz-cep-telefonu-aksesuarsiz-kutu-apple-turkiye-garantili-p-54706466,4.0,12.5,64.0,8.0,1,15.0
12 Lite 6GB+128GB,7.679,https://www.trendyol.com/realme/12-lite-6gb-128gb-uyumlu-akilli-telefon-vaha-gunesi-p-825158309,6.0,20.0,128.0,12.0,0,30.0
iPhone 16 Pro 128GB,81.999,https://www.trendyol.com/apple/iphone-16-pro-128gb-naturel-titanyum-p-857296098,8.0,20.0,128.0,12.0,1,30.0
Yenilenmiş Iphone 12 64,21.11397,https://www.trendyol.com/apple/yenilenmis-iphone-12-64-gb-mavi-64-gb-mavi-b-grade-p-689225101,4.0,20.0,64.0,12.0,0,30.0
iPhone 16 Pro 128GB,81.999,https://www.trendyol.com/apple/iphone-16-pro-128gb-beyaz-titanyum-p-857296096,8.0,20.0,128.0,12.0,1,30.0
Yenilenmiş Iphone 13,55.099,https://www.trendyol.com/apple/yenilenmis-iphone-13-pro-max-128-gb-grafit-128-gb-grafit-a-grade-p-689225096,4.0,20.0,128.0,12.0,0,30.0
iPhone 16 256GB Beyaz,74.749,https://www.trendyol.com/apple/iphone-16-256gb-beyaz-p-857296135,8.0,20.0,256.0,12.0,1,30.0
VIA X40 256 Gb 8 Gb,9.599,https://www.trendyol.com/casper/via-x40-256-gb-8-gb-ram-gece-mavisi-amoled-ekran-p-806447025,8.0,20.0,256.0,20.0,0,30.0
iPhone 16 Pro Max 256GB,99.999,https://www.trendyol.com/apple/iphone-16-pro-max-256gb-naturel-titanyum-p-857296078,8.0,20.0,256.0,12.0,1,30.0
Yenilenmiş Iphone 12,33.099,https://www.trendyol.com/apple/yenilenmis-iphone-12-pro-256-gb-pasifik-mavisi-b-grade-p-689227256,4.0,20.0,256.0,12.0,0,30.0
iPhone 12 64 GB Mor Cep,27.499,https://www.trendyol.com/apple/iphone-12-64-gb-mor-cep-telefonu-aksesuarsiz-kutu-apple-turkiye-garantili-p-102272722,4.0,12.5,64.0,8.0,1,15.0
ERA 30 8GB,6.29,https://www.trendyol.com/general-mobile/era-30-8gb-4gb-4gb-genisletilmis-ram-128gb-hafiza-cift-sim-kart-p-848806871,4.0,50.0,128.0,8.0,0,15.0
iPhone 16 Pro Max 256GB,99.999,https://www.trendyol.com/apple/iphone-16-pro-max-256gb-beyaz-titanyum-p-857296102,8.0,20.0,256.0,12.0,1,30.0
S23 Pro Max 256 Gb,5.199,https://www.trendyol.com/reeder/s23-pro-max-256-gb-beyaz-cep-telefonu-turkiye-garantili-p-771164620,8.0,20.0,256.0,20.0,0,15.0
iPhone 16 Pro 256GB,89.949,https://www.trendyol.com/apple/iphone-16-pro-256gb-siyah-titanyum-p-857296104,8.0,20.0,256.0,12.0,1,30.0
Yenilenmiş iPhone 14,65.91897,https://www.trendyol.com/apple/yenilenmis-iphone-14-pro-max-256-gb-gumus-cep-telefonu-12-ay-garantili-a-kalite-p-846785170,6.0,20.0,256.0,12.0,0,30.0
iPhone 16 Pro 128GB Çöl,82.999,https://www.trendyol.com/apple/iphone-16-pro-128gb-col-titanyum-p-857296094,8.0,20.0,128.0,12.0,1,30.0
Galaxy S24 128 GB Gri,32.2,https://www.trendyol.com/samsung/galaxy-s24-128-gb-gri-cep-telefonu-samsung-turkiye-garantili-p-792043223,8.0,20.0,128.0,12.0,0,30.0
iPhone 16 Pro 128GB,82.949,https://www.trendyol.com/apple/iphone-16-pro-128gb-siyah-titanyum-p-857296083,8.0,20.0,128.0,12.0,1,30.0
Galaxy S23 FE 256 GB,24.88,https://www.trendyol.com/samsung/galaxy-s23-fe-256-gb-gri-samsung-turkiye-garantili-p-767487800,8.0,20.0,256.0,8.0,0,30.0
iPhone 16 Pro Max 512GB,109.999,https://www.trendyol.com/apple/iphone-16-pro-max-512gb-col-titanyum-p-857296093,8.0,20.0,512.0,12.0,1,30.0
iPhone 16 Plus 128GB,67.599,https://www.trendyol.com/apple/iphone-16-plus-128gb-beyaz-p-857296117,8.0,20.0,128.0,12.0,1,30.0
iPhone 11 128 GB Beyaz,26.999,https://www.trendyol.com/apple/iphone-11-128-gb-beyaz-cep-telefonu-aksesuarsiz-kutu-apple-turkiye-garantili-p-64074794,4.0,20.0,128.0,12.0,1,15.0
Galaxy Z Flip5 256 GB,46.76945,https://www.trendyol.com/samsung/galaxy-z-flip5-256-gb-mor-samsung-turkiye-garantili-p-745785543,8.0,12.5,256.0,5.0,0,30.0
iPhone 12 64 GB Beyaz,28.499,https://www.trendyol.com/apple/iphone-12-64-gb-beyaz-cep-telefonu-aksesuarsiz-kutu-apple-turkiye-garantili-p-54706466,4.0,12.5,64.0,8.0,1,15.0
iPhone 15 128 GB Mavi,53.799,https://www.trendyol.com/apple/iphone-15-128-gb-mavi-p-762254881,6.0,20.0,128.0,12.0,1,15.0
iPhone 16 Pro 128GB,81.999,https://www.trendyol.com/apple/iphone-16-pro-128gb-naturel-titanyum-p-857296098,8.0,20.0,128.0,12.0,1,30.0
VIA A40 256 GB 8 GB,7.599,https://www.trendyol.com/casper/via-a40-256-gb-8-gb-ram-gece-mavisi-p-789060483,8.0,20.0,256.0,13.0,0,30.0
iPhone 16 Pro 128GB,81.999,https://www.trendyol.com/apple/iphone-16-pro-128gb-beyaz-titanyum-p-857296096,8.0,20.0,128.0,12.0,1,30.0
GENERAL MOBİLE,8.75,https://www.trendyol.com/general-mobile/general-mobile-era-50-12gb-6gb-6gb-genisletilmis-ram-256gb-128-gb-hafiza-cift-sim-kart-p-848803808,6.0,50.0,256.0,32.0,0,30.0
iPhone 16 256GB Beyaz,74.749,https://www.trendyol.com/apple/iphone-16-256gb-beyaz-p-857296135,8.0,20.0,256.0,12.0,1,30.0
Redmi Note 12 Pro 256,13.85,https://www.trendyol.com/xiaomi/redmi-note-12-pro-256-gb-8-gb-ram-gri-cep-telefonu-xiaomi-turkiye-garantili-p-685539438,8.0,20.0,256.0,16.0,0,70.0
iPhone 16 Pro Max 256GB,99.999,https://www.trendyol.com/apple/iphone-16-pro-max-256gb-naturel-titanyum-p-857296078,8.0,20.0,256.0,12.0,1,30.0
Pura 70 12 GB RAM 256,34.54159,https://www.trendyol.com/huawei/pura-70-12-gb-ram-256-gb-siyah-p-834192205,12.0,20.0,256.0,13.0,0,70.0
iPhone 12 64 GB Mor Cep,27.499,https://www.trendyol.com/apple/iphone-12-64-gb-mor-cep-telefonu-aksesuarsiz-kutu-apple-turkiye-garantili-p-102272722,4.0,12.5,64.0,8.0,1,15.0
12Pro 8GB+256GB Akıllı,16.76899,https://www.trendyol.com/realme/12pro-8gb-256gb-akilli-telefon-denizci-mavisi-p-848512738,8.0,50.0,256.0,12.0,0,30.0
iPhone 16 Pro Max 256GB,99.999,https://www.trendyol.com/apple/iphone-16-pro-max-256gb-beyaz-titanyum-p-857296102,8.0,20.0,256.0,12.0,1,30.0
Yenilenmiş iPhone 14,57.499,https://www.trendyol.com/apple/yenilenmis-iphone-14-pro-128-gb-mor-a-kalite-p-877554996,6.0,20.0,128.0,12.0,0,30.0
iPhone 16 Pro 256GB,89.949,https://www.trendyol.com/apple/iphone-16-pro-256gb-siyah-titanyum-p-857296104,8.0,20.0,256.0,12.0,1,30.0
11 8GB+128GB Parlak,8.899,https://www.trendyol.com/realme/11-8gb-128gb-parlak-siyah-p-825157759,8.0,20.0,128.0,12.0,0,30.0
iPhone 16 Pro 128GB Çöl,82.999,https://www.trendyol.com/apple/iphone-16-pro-128gb-col-titanyum-p-857296094,8.0,20.0,128.0,12.0,1,30.0
C53 4gb 128gb Siyah,6.1,https://www.trendyol.com/realme/c53-4gb-128gb-siyah-cep-telefonu-turkiye-garantili-p-744329842,4.0,7.5,128.0,8.0,0,30.0
iPhone 16 Pro 128GB,82.949,https://www.trendyol.com/apple/iphone-16-pro-128gb-siyah-titanyum-p-857296083,8.0,20.0,128.0,12.0,1,30.0
Galaxy S24 128 GB Mor,32.8,https://www.trendyol.com/samsung/galaxy-s24-128-gb-mor-cep-telefonu-samsung-turkiye-garantili-p-792043220,8.0,20.0,128.0,12.0,0,30.0
iPhone 16 Pro Max 512GB,109.999,https://www.trendyol.com/apple/iphone-16-pro-max-512gb-col-titanyum-p-857296093,8.0,20.0,512.0,12.0,1,30.0
Mi 11 Ultra 12gb ram,44.999,https://www.trendyol.com/xiaomi/mi-11-ultra-12gb-ram-256-gb-xiaomi-turkiye-garantili-p-783926199,12.0,20.0,256.0,12.0,0,30.0
iPhone 11 128 GB Beyaz,26.999,https://www.trendyol.com/apple/iphone-11-128-gb-beyaz-cep-telefonu-aksesuarsiz-kutu-apple-turkiye-garantili-p-64074794,4.0,20.0,128.0,12.0,1,15.0
Yenilenmiş Samsung,7.499,https://www.trendyol.com/samsung/yenilenmis-samsung-galaxy-a52-128-gb-siyah-cep-telefonu-c-kalite-p-829210020,512.0,20.0,32.0,12.0,0,30.0
iPhone 12 64 GB Beyaz,28.499,https://www.trendyol.com/apple/iphone-12-64-gb-beyaz-cep-telefonu-aksesuarsiz-kutu-apple-turkiye-garantili-p-54706466,4.0,12.5,64.0,8.0,1,15.0
Mİ 13 Ultra 16GB RAM,54.999,https://www.trendyol.com/xiaomi/mi-13-ultra-16gb-ram-512-gb-hafiza-akilli-cep-telefonu-turkiye-garantili-p-844887107,16.0,50.0,512.0,32.0,0,90.0
iPhone 16 Pro 128GB,81.999,https://www.trendyol.com/apple/iphone-16-pro-128gb-naturel-titanyum-p-857296098,8.0,20.0,128.0,12.0,1,30.0
iPhone 16 Pro Max 256GB,99.999,https://www.trendyol.com/apple/iphone-16-pro-max-256gb-siyah-titanyum-p-857296077,8.0,20.0,256.0,12.0,1,30.0
iPhone 16 Pro 128GB,81.999,https://www.trendyol.com/apple/iphone-16-pro-128gb-beyaz-titanyum-p-857296096,8.0,20.0,128.0,12.0,1,30.0
iPhone 14 128 GB Mavi,44.599,https://www.trendyol.com/apple/iphone-14-128-gb-mavi-p-355707135,6.0,20.0,128.0,12.0,1,30.0
iPhone 16 256GB Beyaz,74.749,https://www.trendyol.com/apple/iphone-16-256gb-beyaz-p-857296135,8.0,20.0,256.0,12.0,1,30.0
SPARK 20 Pro 256 GB  /,10.899,https://www.trendyol.com/tecno/spark-20-pro-256-gb-12-gb-ram-cep-telefonu-tecno-turkiye-garantili-p-815118071,12.0,20.0,256.0,12.0,0,30.0
iPhone 16 Pro Max 256GB,99.999,https://www.trendyol.com/apple/iphone-16-pro-max-256gb-naturel-titanyum-p-857296078,8.0,20.0,256.0,12.0,1,30.0
Yenilenmiş iPhone 11,20.80497,https://www.trendyol.com/apple/yenilenmis-iphone-11-pro-64-gb-uzay-grisi-cep-telefonu-12-ay-garantili-b-kalite-p-658050570,7.875,20.0,64.0,12.0,0,30.0
iPhone 12 64 GB Mor Cep,27.499,https://www.trendyol.com/apple/iphone-12-64-gb-mor-cep-telefonu-aksesuarsiz-kutu-apple-turkiye-garantili-p-102272722,4.0,12.5,64.0,8.0,1,15.0
Galaxy A06 128GB,6.949,https://www.trendyol.com/samsung/galaxy-a06-128gb-altin-cep-telefonu-samsung-turkiye-garantili-p-857140575,4.0,50.0,128.0,8.0,0,30.0
iPhone 16 Pro Max 256GB,99.999,https://www.trendyol.com/apple/iphone-16-pro-max-256gb-beyaz-titanyum-p-857296102,8.0,20.0,256.0,12.0,1,30.0
F6 Pro 12 GB RAM 512 GB,33.999,https://www.trendyol.com/poco/f6-pro-12-gb-ram-512-gb-siyah-cep-telefonu-xiaomi-turkiye-garantili-p-829994411,12.0,20.0,512.0,16.0,0,110.0
iPhone 16 Pro 256GB,89.949,https://www.trendyol.com/apple/iphone-16-pro-256gb-siyah-titanyum-p-857296104,8.0,20.0,256.0,12.0,1,30.0
Cep Telefonu C53,7.399,https://www.trendyol.com/realme/cep-telefonu-c53-8-256gb-relame-turkiye-garantili-p-834894059,8.0,20.0,256.0,5.0,0,30.0
iPhone 16 Pro 128GB Çöl,82.999,https://www.trendyol.com/apple/iphone-16-pro-128gb-col-titanyum-p-857296094,8.0,20.0,128.0,12.0,1,30.0
Iphone 14 Pro Max 128,99.999,https://www.trendyol.com/apple/iphone-14-pro-max-128-gb-siyah-cep-telefonu-p-355644228,6.0,20.0,128.0,12.0,1,30.0
iPhone 16 Pro 128GB,82.949,https://www.trendyol.com/apple/iphone-16-pro-128gb-siyah-titanyum-p-857296083,8.0,20.0,128.0,12.0,1,30.0
Galaxy A15 6 GB RAM,9.499,https://www.trendyol.com/samsung/galaxy-a15-6-gb-ram-128-gb-mavi-samsung-turkiye-garantili-p-793616426,6.0,50.0,128.0,10.0,0,30.0
iPhone 16 Pro Max 512GB,109.999,https://www.trendyol.com/apple/iphone-16-pro-max-512gb-col-titanyum-p-857296093,8.0,20.0,512.0,12.0,1,30.0
C55 256 Gb 8 Gb Ram,8.899,https://www.trendyol.com/realme/c55-256-gb-8-gb-ram-altin-turkiye-garantili-p-720969076,8.0,20.0,256.0,20.0,0,15.0
iPhone 11 128 GB Beyaz,26.999,https://www.trendyol.com/apple/iphone-11-128-gb-beyaz-cep-telefonu-aksesuarsiz-kutu-apple-turkiye-garantili-p-64074794,4.0,20.0,128.0,12.0,1,15.0
C55 6gb / 128gb Raıny,7.719,https://www.trendyol.com/realme/c55-6gb-128gb-rainy-night-p-729574343,6.0,20.0,128.0,12.0,0,30.0
iPhone 12 64 GB Beyaz,28.499,https://www.trendyol.com/apple/iphone-12-64-gb-beyaz-cep-telefonu-aksesuarsiz-kutu-apple-turkiye-garantili-p-54706466,4.0,12.5,64.0,8.0,1,15.0
Yenilenmiş iPhone 12,35.22497,https://www.trendyol.com/apple/yenilenmis-iphone-12-pro-max-128gb-gumus-b-kalite-p-784822256,6.0,20.0,128.0,12.0,0,30.0
iPhone 16 Pro 128GB,81.999,https://www.trendyol.com/apple/iphone-16-pro-128gb-naturel-titanyum-p-857296098,8.0,20.0,128.0,12.0,1,30.0
Pura 70 Ultra 16 GB,64.49899,https://www.trendyol.com/huawei/pura-70-ultra-16-gb-ram-512-gb-yesil-p-834192206,16.0,20.0,512.0,13.0,0,90.0
iPhone 16 Pro 128GB,81.999,https://www.trendyol.com/apple/iphone-16-pro-128gb-beyaz-titanyum-p-857296096,8.0,20.0,128.0,12.0,1,30.0
Yenilenmiş iPhone 13,29.999,https://www.trendyol.com/apple/yenilenmis-iphone-13-mini-128-gb-pembe-a-grade-p-689224379,4.0,20.0,128.0,12.0,0,30.0
iPhone 16 256GB Beyaz,74.749,https://www.trendyol.com/apple/iphone-16-256gb-beyaz-p-857296135,8.0,20.0,256.0,12.0,1,30.0
iPhone 14 256 GB Yıldız,48.799,https://www.trendyol.com/apple/iphone-14-256-gb-yildiz-isigi-cep-telefonu-p-355707120,6.0,20.0,256.0,12.0,1,30.0
iPhone 16 Pro Max 256GB,99.999,https://www.trendyol.com/apple/iphone-16-pro-max-256gb-naturel-titanyum-p-857296078,8.0,20.0,256.0,12.0,1,30.0
Yenilenmiş Galaxy,2.699,https://www.trendyol.com/samsung/yenilenmis-galaxy-a02s-32-gb-siyah-cep-telefonu-p-360726705,7.875,20.0,32.0,12.0,0,30.0
iPhone 12 64 GB Mor Cep,27.499,https://www.trendyol.com/apple/iphone-12-64-gb-mor-cep-telefonu-aksesuarsiz-kutu-apple-turkiye-garantili-p-102272722,4.0,12.5,64.0,8.0,1,15.0
YENİLENMİŞ SAMSUNG,22.099,https://www.trendyol.com/samsung/yenilenmis-samsung-galaxy-s21-ultra-siyah-128gb-p-757346747,12.0,20.0,128.0,12.0,0,30.0
iPhone 16 Pro Max 256GB,99.999,https://www.trendyol.com/apple/iphone-16-pro-max-256gb-beyaz-titanyum-p-857296102,8.0,20.0,256.0,12.0,1,30.0
GM Phoneix 5G,15.071,https://www.trendyol.com/general-mobile/gm-phoneix-5g-dual-carbon-black-16gb-8gb-genisletilmis-ram-256gb-cep-telefonu-p-752381513,16.0,50.0,256.0,16.0,0,70.0
iPhone 16 Pro 256GB,89.949,https://www.trendyol.com/apple/iphone-16-pro-256gb-siyah-titanyum-p-857296104,8.0,20.0,256.0,12.0,1,30.0
Yenilenmiş Iphone 13,53.999,https://www.trendyol.com/apple/yenilenmis-iphone-13-pro-max-256-gb-sierra-mavisi-a-grade-p-689224113,4.0,20.0,256.0,12.0,0,30.0
iPhone 16 Pro 128GB Çöl,82.999,https://www.trendyol.com/apple/iphone-16-pro-128gb-col-titanyum-p-857296094,8.0,20.0,128.0,12.0,1,30.0
Galaxy S24 FE 128 GB,28.024,https://www.trendyol.com/samsung/galaxy-s24-fe-128-gb-gri-cep-telefonu-samsung-turkiye-garantili-p-857140578,8.0,50.0,128.0,10.0,0,30.0
iPhone 16 Pro 128GB,82.949,https://www.trendyol.com/apple/iphone-16-pro-128gb-siyah-titanyum-p-857296083,8.0,20.0,128.0,12.0,1,30.0
Yenilenmiş iPhone 8 64,5.14897,https://www.trendyol.com/apple/yenilenmis-iphone-8-64-gb-altin-cep-telefonu-12-ay-garantili-b-kalite-p-741552832,2.0,20.0,64.0,12.0,0,30.0
iPhone 16 Pro Max 512GB,109.999,https://www.trendyol.com/apple/iphone-16-pro-max-512gb-col-titanyum-p-857296093,8.0,20.0,512.0,12.0,1,30.0
Yenilenmiş iPhone 8,6.49097,https://www.trendyol.com/apple/yenilenmis-iphone-8-plus-64-gb-siyah-cep-telefonu-12-ay-garantili-b-kalite-p-367790640,7.875,20.0,64.0,12.0,0,30.0
iPhone 11 128 GB Beyaz,26.999,https://www.trendyol.com/apple/iphone-11-128-gb-beyaz-cep-telefonu-aksesuarsiz-kutu-apple-turkiye-garantili-p-64074794,4.0,20.0,128.0,12.0,1,15.0
iPhone 12 256 GB,30.899,https://www.trendyol.com/apple/iphone-12-256-gb-kirmizi-cep-telefonu-aksesuarsiz-kutu-apple-turkiye-garantili-p-66145458,4.0,12.5,256.0,8.0,1,15.0
iPhone 12 64 GB Beyaz,28.499,https://www.trendyol.com/apple/iphone-12-64-gb-beyaz-cep-telefonu-aksesuarsiz-kutu-apple-turkiye-garantili-p-54706466,4.0,12.5,64.0,8.0,1,15.0
Yenilenmiş Iphone 11,22.14397,https://www.trendyol.com/apple/yenilenmis-iphone-11-pro-max-64-gb-gumus-64-gb-gumus-b-grade-p-689227582,4.0,20.0,64.0,12.0,0,30.0
iPhone 16 Pro 128GB,81.999,https://www.trendyol.com/apple/iphone-16-pro-128gb-naturel-titanyum-p-857296098,8.0,20.0,128.0,12.0,1,30.0
Note 60 4gb+128gb,6.099,https://www.trendyol.com/realme/note-60-4gb-128gb-mermer-siyahi-p-863648008,4.0,20.0,128.0,5.0,0,15.0
iPhone 16 Pro 128GB,81.999,https://www.trendyol.com/apple/iphone-16-pro-128gb-beyaz-titanyum-p-857296096,8.0,20.0,128.0,12.0,1,30.0
Hot 30 X6831 256 GB 8,6.549,https://www.trendyol.com/infinix/hot-30-x6831-256-gb-8-gb-ram-cep-telefonu-p-739658793,8.0,50.0,256.0,12.0,0,30.0
iPhone 16 256GB Beyaz,74.749,https://www.trendyol.com/apple/iphone-16-256gb-beyaz-p-857296135,8.0,20.0,256.0,12.0,1,30.0
Yenilenmiş iPhone 11,26.219,https://www.trendyol.com/apple/yenilenmis-iphone-11-pro-max-256gb-uzay-grisi-b-kalite-p-770380010,4.0,20.0,256.0,12.0,0,30.0
iPhone 16 Pro Max 256GB,99.999,https://www.trendyol.com/apple/iphone-16-pro-max-256gb-naturel-titanyum-p-857296078,8.0,20.0,256.0,12.0,1,30.0
Yenilenmiş iPhone Xs 64,14.389,https://www.trendyol.com/apple/yenilenmis-iphone-xs-64-gb-gumus-cep-telefonu-12-ay-garantili-b-kalite-p-653345706,4.0,20.0,64.0,12.0,0,30.0
iPhone 12 64 GB Mor Cep,27.499,https://www.trendyol.com/apple/iphone-12-64-gb-mor-cep-telefonu-aksesuarsiz-kutu-apple-turkiye-garantili-p-102272722,4.0,12.5,64.0,8.0,1,15.0
S23 Pro Max 256 GB,4.877,https://www.trendyol.com/reeder/s23-pro-max-256-gb-gold-cep-telefonu-reeder-turkiye-garantili-p-788708201,8.0,20.0,256.0,12.0,0,30.0
iPhone 16 Pro Max 256GB,99.999,https://www.trendyol.com/apple/iphone-16-pro-max-256gb-beyaz-titanyum-p-857296102,8.0,20.0,256.0,12.0,1,30.0
CAMON 20 Pro 256 GB / 8,9.749,https://www.trendyol.com/tecno/camon-20-pro-256-gb-8-gb-ram-beyaz-tecno-turkiye-garantili-p-779256247,8.0,20.0,256.0,12.0,0,30.0
iPhone 16 Pro 256GB,89.949,https://www.trendyol.com/apple/iphone-16-pro-256gb-siyah-titanyum-p-857296104,8.0,20.0,256.0,12.0,1,30.0
İphone 13 128 Gb Mavi,39.031,https://www.trendyol.com/apple/iphone-13-128-gb-mavi-mlpk3tu-a-p-150059501,4.0,20.0,128.0,12.0,1,15.0
iPhone 16 Pro 128GB Çöl,82.999,https://www.trendyol.com/apple/iphone-16-pro-128gb-col-titanyum-p-857296094,8.0,20.0,128.0,12.0,1,30.0
Yenilenmiş iPhone 8,6.59097,https://www.trendyol.com/apple/yenilenmis-iphone-8-plus-64-gb-gold-12-ay-garantili-b-grade-p-326256779,3.0,20.0,64.0,12.0,0,30.0
iPhone 16 Pro 128GB,82.949,https://www.trendyol.com/apple/iphone-16-pro-128gb-siyah-titanyum-p-857296083,8.0,20.0,128.0,12.0,1,30.0
Smart 9 Cep Telefonu,4.999,https://www.trendyol.com/infinix/smart-9-cep-telefonu-128-gb-4-gb-ram-titanyum-turkiye-garantili-p-880183376,4.0,20.0,128.0,8.0,0,30.0
iPhone 16 Pro Max 512GB,109.999,https://www.trendyol.com/apple/iphone-16-pro-max-512gb-col-titanyum-p-857296093,8.0,20.0,512.0,12.0,1,30.0
C65 6gb 128gb Siyah (,7.3847,https://www.trendyol.com/realme/c65-6gb-128gb-siyah-turkiye-garantili-p-843774321,6.0,50.0,128.0,8.0,0,50.0
iPhone 11 128 GB Beyaz,26.999,https://www.trendyol.com/apple/iphone-11-128-gb-beyaz-cep-telefonu-aksesuarsiz-kutu-apple-turkiye-garantili-p-64074794,4.0,20.0,128.0,12.0,1,15.0
iPhone 14 Pro 1 TB,80.999,https://www.trendyol.com/apple/iphone-14-pro-1-tb-derin-mor-p-355707161,6.0,20.0,1024.0,12.0,1,30.0
iPhone 12 64 GB Beyaz,28.499,https://www.trendyol.com/apple/iphone-12-64-gb-beyaz-cep-telefonu-aksesuarsiz-kutu-apple-turkiye-garantili-p-54706466,4.0,12.5,64.0,8.0,1,15.0
Galaxy A14 128 GB,9.293,https://www.trendyol.com/samsung/galaxy-a14-128-gb-yesil-cep-telefonu-samsung-turkiye-garantili-p-670168879,4.0,20.0,128.0,13.0,0,15.0
iPhone 16 Pro 128GB,81.999,https://www.trendyol.com/apple/iphone-16-pro-128gb-naturel-titanyum-p-857296098,8.0,20.0,128.0,12.0,1,30.0
X6 128 GB 6 GB Mavi,5.899,https://www.trendyol.com/omix/x6-128-gb-6-gb-mavi-omix-turkiye-garantili-p-810295680,6.0,50.0,128.0,32.0,0,15.0
iPhone 16 Pro 128GB,81.999,https://www.trendyol.com/apple/iphone-16-pro-128gb-beyaz-titanyum-p-857296096,8.0,20.0,128.0,12.0,1,30.0
Yenilenmiş iPhone 14,67.899,https://www.trendyol.com/apple/yenilenmis-iphone-14-pro-max-128-gb-derin-mor-cep-telefonu-12-ay-garantili-c-kalite-p-846790757,6.0,20.0,128.0,12.0,0,30.0
iPhone 16 256GB Beyaz,74.749,https://www.trendyol.com/apple/iphone-16-256gb-beyaz-p-857296135,8.0,20.0,256.0,12.0,1,30.0
12Pro+ 12GB+512GB,22.869,https://www.trendyol.com/realme/12pro-12gb-512gb-akilli-telefon-denizci-mavisi-p-848511580,12.0,50.0,512.0,12.0,0,30.0
iPhone 16 Pro Max 256GB,99.999,https://www.trendyol.com/apple/iphone-16-pro-max-256gb-naturel-titanyum-p-857296078,8.0,20.0,256.0,12.0,1,30.0
Y28 256 Gb 8 Gb Ram (,8.599,https://www.trendyol.com/vivo/y28-256-gb-8-gb-ram-turkiye-garantili-p-840053608,8.0,50.0,256.0,8.0,0,30.0
iPhone 12 64 GB Mor Cep,27.499,https://www.trendyol.com/apple/iphone-12-64-gb-mor-cep-telefonu-aksesuarsiz-kutu-apple-turkiye-garantili-p-102272722,4.0,12.5,64.0,8.0,1,15.0
Redmi Note 12 Pro 5G,14.199,https://www.trendyol.com/xiaomi/redmi-note-12-pro-5g-256-gb-8-gb-ram-cep-telefonu-xiaomi-turkiye-garantili-p-780250881,8.0,20.0,256.0,16.0,0,70.0
iPhone 16 Pro Max 256GB,99.999,https://www.trendyol.com/apple/iphone-16-pro-max-256gb-beyaz-titanyum-p-857296102,8.0,20.0,256.0,12.0,1,30.0
Era 50 12gb,8.919,https://www.trendyol.com/general-mobile/era-50-12gb-6gb-6gb-genisletilmis-ram-256gb-hafiza-cift-sim-kart-p-848803834,6.0,50.0,256.0,32.0,0,30.0
iPhone 16 Pro 256GB,89.949,https://www.trendyol.com/apple/iphone-16-pro-256gb-siyah-titanyum-p-857296104,8.0,20.0,256.0,12.0,1,30.0
Galaxy Note 10 Lite,5.999,https://www.trendyol.com/samsung/galaxy-note-10-lite-128gb-c-grade-yenilenmis-cep-telefonu-12-ay-garantili-p-873687108,8.0,20.0,128.0,12.0,0,30.0
iPhone 16 Pro 128GB Çöl,82.999,https://www.trendyol.com/apple/iphone-16-pro-128gb-col-titanyum-p-857296094,8.0,20.0,128.0,12.0,1,30.0
F6 8 GB 256 GB Siyah,23.649,https://www.trendyol.com/poco/f6-8-gb-256-gb-siyah-poco-turkiye-garantili-p-831670127,8.0,20.0,256.0,12.0,0,30.0
iPhone 16 Pro 128GB,82.949,https://www.trendyol.com/apple/iphone-16-pro-128gb-siyah-titanyum-p-857296083,8.0,20.0,128.0,12.0,1,30.0
Yenilenmiş Samsung,12.199,https://www.trendyol.com/samsung/yenilenmis-samsung-galaxy-a73-128-gb-yesil-a-kalite-12-ay-garantili-p-794843772,8.0,20.0,128.0,12.0,0,30.0
iPhone 16 Pro Max 512GB,109.999,https://www.trendyol.com/apple/iphone-16-pro-max-512gb-col-titanyum-p-857296093,8.0,20.0,512.0,12.0,1,30.0
Flip 5G 8GB+256GB,42.999,https://www.trendyol.com/nubia/flip-5g-8gb-256gb-p-875681042,12.0,20.0,256.0,12.0,0,30.0
iPhone 11 128 GB Beyaz,26.999,https://www.trendyol.com/apple/iphone-11-128-gb-beyaz-cep-telefonu-aksesuarsiz-kutu-apple-turkiye-garantili-p-64074794,4.0,20.0,128.0,12.0,1,15.0
iPhone 16 Pro 256GB Çöl,87.999,https://www.trendyol.com/apple/iphone-16-pro-256gb-col-titanyum-p-857296087,8.0,20.0,256.0,12.0,1,30.0
iPhone 12 64 GB Beyaz,28.499,https://www.trendyol.com/apple/iphone-12-64-gb-beyaz-cep-telefonu-aksesuarsiz-kutu-apple-turkiye-garantili-p-54706466,4.0,12.5,64.0,8.0,1,15.0
Redmi Note 9 4 GB 128,6.999,https://www.trendyol.com/xiaomi/redmi-note-9-4-gb-128-gb-cep-telefonu-mineral-grisi-xiaomi-turkiye-garantili-p-41474951,4.0,20.0,128.0,14.0,0,15.0
iPhone 16 Pro 128GB,81.999,https://www.trendyol.com/apple/iphone-16-pro-128gb-naturel-titanyum-p-857296098,8.0,20.0,128.0,12.0,1,30.0
iPhone 15 Pro Max 512,96.199,https://www.trendyol.com/apple/iphone-15-pro-max-512-gb-siyah-titanyum-p-762254850,8.0,20.0,512.0,12.0,1,30.0
iPhone 16 Pro 128GB,81.999,https://www.trendyol.com/apple/iphone-16-pro-128gb-beyaz-titanyum-p-857296096,8.0,20.0,128.0,12.0,1,30.0
23 SE Buz,5.721,https://www.trendyol.com/general-mobile/23-se-buz-mavisi-4-128-gb-cep-telefonu-p-820795273,4.0,20.0,128.0,12.0,0,30.0
iPhone 16 256GB Beyaz,74.749,https://www.trendyol.com/apple/iphone-16-256gb-beyaz-p-857296135,8.0,20.0,256.0,12.0,1,30.0
Galaxy A35 5G 128 GB,14.45,https://www.trendyol.com/samsung/galaxy-a35-5g-128-gb-8-gb-ram-buz-mavisi-turkiye-garantili-uyumlu-p-820754046,8.0,50.0,128.0,13.0,0,30.0
iPhone 16 Pro Max 256GB,99.999,https://www.trendyol.com/apple/iphone-16-pro-max-256gb-naturel-titanyum-p-857296078,8.0,20.0,256.0,12.0,1,30.0
Alcatel- 2057d Beyaz,2.109,https://www.trendyol.com/tcl/alcatel-2057d-beyaz-tuslu-telefon-p-379245178,7.875,5.0,0.0,12.0,0,30.0
iPhone 12 64 GB Mor Cep,27.499,https://www.trendyol.com/apple/iphone-12-64-gb-mor-cep-telefonu-aksesuarsiz-kutu-apple-turkiye-garantili-p-102272722,4.0,12.5,64.0,8.0,1,15.0
Yenilenmiş iPhone XS,17.479,https://www.trendyol.com/apple/yenilenmis-iphone-xs-max-256-gb-space-gray-cep-telefonu-12-ay-garantili-c-kalite-p-851225374,7.875,20.0,256.0,12.0,0,30.0
iPhone 16 Pro Max 256GB,99.999,https://www.trendyol.com/apple/iphone-16-pro-max-256gb-beyaz-titanyum-p-857296102,8.0,20.0,256.0,12.0,1,30.0
P13 Blue Max 2022 4,3.149,https://www.trendyol.com/reeder/p13-blue-max-2022-4-gb-128-gb-beyaz-cep-telefonu-reeder-turkiye-garantili-p-341666596,4.0,17.5,128.0,5.0,0,30.0
iPhone 16 Pro 256GB,89.949,https://www.trendyol.com/apple/iphone-16-pro-256gb-siyah-titanyum-p-857296104,8.0,20.0,256.0,12.0,1,30.0
S23 Pro Max 256 GB,5.049,https://www.trendyol.com/reeder/s23-pro-max-256-gb-pembe-cep-telefonu-reeder-turkiye-garantili-p-770835375,8.0,20.0,256.0,20.0,0,15.0
iPhone 16 Pro 128GB Çöl,82.999,https://www.trendyol.com/apple/iphone-16-pro-128gb-col-titanyum-p-857296094,8.0,20.0,128.0,12.0,1,30.0
Yenilenmiş iPhone 7,4.94297,https://www.trendyol.com/apple/yenilenmis-iphone-7-plus-32-gb-altin-cep-telefonu-12-ay-garantili-a-kalite-p-117138957,3.0,20.0,32.0,12.0,0,30.0
iPhone 16 Pro 128GB,82.949,https://www.trendyol.com/apple/iphone-16-pro-128gb-siyah-titanyum-p-857296083,8.0,20.0,128.0,12.0,1,30.0
Redmi Note 13 Pro 12,17.999,https://www.trendyol.com/xiaomi/redmi-note-13-pro-12-gb-ram-512-gb-mor-cep-telefonu-xiaomi-turkiye-garantili-p-797235139,12.0,20.0,512.0,10.0,0,70.0
iPhone 16 Pro Max 512GB,109.999,https://www.trendyol.com/apple/iphone-16-pro-max-512gb-col-titanyum-p-857296093,8.0,20.0,512.0,12.0,1,30.0
X6 128 Gb 6 Gb Siyah Cep,5.899,https://www.trendyol.com/omix/x6-128-gb-6-gb-siyah-cep-telefonu-turkiye-garantili-p-810293116,6.0,50.0,128.0,32.0,0,15.0
iPhone 11 128 GB Beyaz,26.999,https://www.trendyol.com/apple/iphone-11-128-gb-beyaz-cep-telefonu-aksesuarsiz-kutu-apple-turkiye-garantili-p-64074794,4.0,20.0,128.0,12.0,1,15.0
Yenilenmiş iPhone 14,43.999,https://www.trendyol.com/apple/yenilenmis-iphone-14-plus-128gb-mavi-b-kalite-p-808702332,6.0,20.0,128.0,12.0,0,30.0
iPhone 12 64 GB Beyaz,28.499,https://www.trendyol.com/apple/iphone-12-64-gb-beyaz-cep-telefonu-aksesuarsiz-kutu-apple-turkiye-garantili-p-54706466,4.0,12.5,64.0,8.0,1,15.0
SPARK 10 Pro 256 GB / 8,7.799,https://www.trendyol.com/tecno/spark-10-pro-256-gb-8-gb-ram-siyah-cep-telefonu-tecno-turkiye-garantili-p-700432428,8.0,20.0,256.0,12.0,0,30.0
iPhone 16 Pro 128GB,81.999,https://www.trendyol.com/apple/iphone-16-pro-128gb-naturel-titanyum-p-857296098,8.0,20.0,128.0,12.0,1,30.0
Galaxy A04s 64 GB,6.999,https://www.trendyol.com/samsung/galaxy-a04s-64-gb-siyah-cep-telefonu-samsung-turkiye-garantili-p-358105486,4.0,5.0,64.0,5.0,0,50.0
iPhone 16 Pro 128GB,81.999,https://www.trendyol.com/apple/iphone-16-pro-128gb-beyaz-titanyum-p-857296096,8.0,20.0,128.0,12.0,1,30.0
Yenilenmiş Iphone 8,8.919,https://www.trendyol.com/apple/yenilenmis-iphone-8-plus-128gb-altin-a-kalite-12-ay-garanti-p-779494201,3.0,20.0,128.0,12.0,0,30.0
iPhone 16 256GB Beyaz,74.749,https://www.trendyol.com/apple/iphone-16-256gb-beyaz-p-857296135,8.0,20.0,256.0,12.0,1,30.0
Galaxy S24 FE 5g,27.869,https://www.trendyol.com/samsung/galaxy-s24-fe-5g-8-256-gb-akilli-telefon-mint-yesili-p-864687399,8.0,50.0,256.0,12.0,0,30.0
iPhone 16 Pro Max 256GB,99.999,https://www.trendyol.com/apple/iphone-16-pro-max-256gb-naturel-titanyum-p-857296078,8.0,20.0,256.0,12.0,1,30.0
POVA 6 Pro 5G 256 GB /,16.499,https://www.trendyol.com/tecno/pova-6-pro-5g-256-gb-12-gb-ram-yesil-tecno-turkiye-garantili-p-850551940,12.0,20.0,256.0,32.0,0,30.0
iPhone 12 64 GB Mor Cep,27.499,https://www.trendyol.com/apple/iphone-12-64-gb-mor-cep-telefonu-aksesuarsiz-kutu-apple-turkiye-garantili-p-102272722,4.0,12.5,64.0,8.0,1,15.0
C61 (RMX3930),7.499,https://www.trendyol.com/realme/c61-rmx3930-8gb-256gb-parlak-altin-p-862718610,8.0,50.0,256.0,12.0,0,30.0
iPhone 16 Pro Max 256GB,99.999,https://www.trendyol.com/apple/iphone-16-pro-max-256gb-beyaz-titanyum-p-857296102,8.0,20.0,256.0,12.0,1,30.0
Galaxy A05 128 GB,7.949,https://www.trendyol.com/samsung/galaxy-a05-128-gb-siyah-p-793616440,4.0,50.0,128.0,5.0,0,30.0
iPhone 16 Pro 256GB,89.949,https://www.trendyol.com/apple/iphone-16-pro-256gb-siyah-titanyum-p-857296104,8.0,20.0,256.0,12.0,1,30.0
Galaxy S23 FE 256 GB,25.995,https://www.trendyol.com/samsung/galaxy-s23-fe-256-gb-krem-samsung-turkiye-garantili-p-767487807,8.0,20.0,256.0,8.0,0,30.0
iPhone 16 Pro 128GB Çöl,82.999,https://www.trendyol.com/apple/iphone-16-pro-128gb-col-titanyum-p-857296094,8.0,20.0,128.0,12.0,1,30.0
Yenilenmiş iPhone 11,18.999,https://www.trendyol.com/apple/yenilenmis-iphone-11-128-gb-mor-cep-telefonu-12-ay-garantili-a-kalite-p-689225005,4.0,20.0,128.0,12.0,0,30.0
iPhone 16 Pro 128GB,82.949,https://www.trendyol.com/apple/iphone-16-pro-128gb-siyah-titanyum-p-857296083,8.0,20.0,128.0,12.0,1,30.0
Yenilenmiş iPhone 12,31.92897,https://www.trendyol.com/apple/yenilenmis-iphone-12-pro-128gb-pasifik-mavisi-b-kalite-p-773635071,6.0,20.0,128.0,12.0,0,30.0
iPhone 16 Pro Max 512GB,109.999,https://www.trendyol.com/apple/iphone-16-pro-max-512gb-col-titanyum-p-857296093,8.0,20.0,512.0,12.0,1,30.0
Yenilenmiş iPhone 12,18.74497,https://www.trendyol.com/apple/yenilenmis-iphone-12-mini-64gb-beyaz-b-kalite-p-778393309,4.0,20.0,64.0,12.0,0,30.0
iPhone 11 128 GB Beyaz,26.999,https://www.trendyol.com/apple/iphone-11-128-gb-beyaz-cep-telefonu-aksesuarsiz-kutu-apple-turkiye-garantili-p-64074794,4.0,20.0,128.0,12.0,1,15.0
iPhone 16 128GB,60.949,https://www.trendyol.com/apple/iphone-16-128gb-laciverttas-p-857296121,8.0,20.0,128.0,12.0,1,30.0
iPhone 12 64 GB Beyaz,28.499,https://www.trendyol.com/apple/iphone-12-64-gb-beyaz-cep-telefonu-aksesuarsiz-kutu-apple-turkiye-garantili-p-54706466,4.0,12.5,64.0,8.0,1,15.0
A74 Siyah 128 Gb 4 Gb,6.224,https://www.trendyol.com/oppo/a74-siyah-128-gb-4-gb-ram-yenilenmis-urun-sifir-gibi-p-797140130,4.0,20.0,128.0,12.0,0,30.0
iPhone 16 Pro 128GB,81.999,https://www.trendyol.com/apple/iphone-16-pro-128gb-naturel-titanyum-p-857296098,8.0,20.0,128.0,12.0,1,30.0
Yenilenmiş iPhone 11,16.999,https://www.trendyol.com/apple/yenilenmis-iphone-11-128-gb-c-kalite-p-655828953,4.0,20.0,128.0,12.0,0,30.0
iPhone 16 Pro 128GB,81.999,https://www.trendyol.com/apple/iphone-16-pro-128gb-beyaz-titanyum-p-857296096,8.0,20.0,128.0,12.0,1,30.0
P13 4GB + 64GB Blue,2.999,https://www.trendyol.com/reeder/p13-4gb-64gb-blue-max-cep-telefonu-resmi-distributor-garantili-p-136011351,4.0,5.0,64.0,12.0,0,30.0
iPhone 16 256GB Beyaz,74.749,https://www.trendyol.com/apple/iphone-16-256gb-beyaz-p-857296135,8.0,20.0,256.0,12.0,1,30.0
Galaxy A16 6 GB RAM,10.999,https://www.trendyol.com/samsung/galaxy-a16-6-gb-ram-128-gb-yesil-samsung-turkiye-garantili-p-879171110,6.0,50.0,128.0,10.0,0,30.0
iPhone 16 Pro Max 256GB,99.999,https://www.trendyol.com/apple/iphone-16-pro-max-256gb-naturel-titanyum-p-857296078,8.0,20.0,256.0,12.0,1,30.0
Yenilenmiş iPhone 12,35.22497,https://www.trendyol.com/apple/yenilenmis-iphone-12-pro-max-128gb-grafit-b-kalite-p-770020828,6.0,20.0,128.0,12.0,0,30.0
iPhone 12 64 GB Mor Cep,27.499,https://www.trendyol.com/apple/iphone-12-64-gb-mor-cep-telefonu-aksesuarsiz-kutu-apple-turkiye-garantili-p-102272722,4.0,12.5,64.0,8.0,1,15.0
iPhone 16 Pro Max 256GB,99.999,https://www.trendyol.com/apple/iphone-16-pro-max-256gb-beyaz-titanyum-p-857296102,8.0,20.0,256.0,12.0,1,30.0
S23 Pro Max 512GB,7.249,https://www.trendyol.com/reeder/s23-pro-max-512gb-siyah-p-874746522,8.0,20.0,512.0,20.0,0,15.0
iPhone 16 Pro 256GB,89.949,https://www.trendyol.com/apple/iphone-16-pro-256gb-siyah-titanyum-p-857296104,8.0,20.0,256.0,12.0,1,30.0
iPhone 16 Pro 128GB Çöl,82.999,https://www.trendyol.com/apple/iphone-16-pro-128gb-col-titanyum-p-857296094,8.0,20.0,128.0,12.0,1,30.0
VIA X30 Plus 8GB RAM,7.435,https://www.trendyol.com/casper/via-x30-plus-8gb-ram-256-gb-platin-antrasit-p-658592182,8.0,20.0,256.0,8.0,0,30.0
iPhone 16 128GB Siyah,61.399,https://www.trendyol.com/apple/iphone-16-128gb-siyah-p-857296095,8.0,20.0,128.0,12.0,1,30.0
C32 8/128 Gb Siyah,4.285,https://www.trendyol.com/oukitel/c32-8-128-gb-siyah-p-707414858,8.0,20.0,128.0,12.0,0,30.0
iPhone 16 Pro 128GB,82.949,https://www.trendyol.com/apple/iphone-16-pro-128gb-siyah-titanyum-p-857296083,8.0,20.0,128.0,12.0,1,30.0
Galaxy S22 Ultra 256,54.989,https://www.trendyol.com/samsung/galaxy-s22-ultra-256-gb-12-gb-ram-5g-yesil-cep-telefonu-samsung-turkiye-garantili-p-252449818,12.0,20.0,256.0,12.0,0,30.0
iPhone 16 Pro Max 512GB,109.999,https://www.trendyol.com/apple/iphone-16-pro-max-512gb-col-titanyum-p-857296093,8.0,20.0,512.0,12.0,1,30.0
Yenilenmiş iPhone 13,30.89897,https://www.trendyol.com/apple/yenilenmis-iphone-13-256-gb-pembe-b-kalite-p-849079197,4.0,20.0,256.0,12.0,0,30.0
iPhone 11 128 GB Beyaz,26.999,https://www.trendyol.com/apple/iphone-11-128-gb-beyaz-cep-telefonu-aksesuarsiz-kutu-apple-turkiye-garantili-p-64074794,4.0,20.0,128.0,12.0,1,15.0
Pura 70 Ultra 16 GB,62.12169,https://www.trendyol.com/huawei/pura-70-ultra-16-gb-ram-512-gb-siyah-p-834192204,16.0,20.0,512.0,13.0,0,90.0
iPhone 12 64 GB Beyaz,28.499,https://www.trendyol.com/apple/iphone-12-64-gb-beyaz-cep-telefonu-aksesuarsiz-kutu-apple-turkiye-garantili-p-54706466,4.0,12.5,64.0,8.0,1,15.0
Yenilenmiş Xiaomi Mi,25.999,https://www.trendyol.com/xiaomi/yenilenmis-xiaomi-mi-13t-pro-512-gb-siyah-b-kalite-p-856313498,7.875,20.0,512.0,12.0,0,30.0
iPhone 16 Pro 128GB,81.999,https://www.trendyol.com/apple/iphone-16-pro-128gb-naturel-titanyum-p-857296098,8.0,20.0,128.0,12.0,1,30.0
General Mobıle,5.723,https://www.trendyol.com/general-mobile/general-mobile-gm-23-se-dual-moon-grey-4-128gb-ay-grisi-p-819717211,6.0,20.0,128.0,16.0,0,15.0
iPhone 16 Pro 128GB,81.999,https://www.trendyol.com/apple/iphone-16-pro-128gb-beyaz-titanyum-p-857296096,8.0,20.0,128.0,12.0,1,30.0
Redmi Note 12 Pro 256,13.95,https://www.trendyol.com/xiaomi/redmi-note-12-pro-256-gb-8-gb-ram-yildiz-mavisi-cep-telefonu-xiaomi-turkiye-garantili-p-706342571,8.0,20.0,256.0,16.0,0,70.0
iPhone 16 256GB Beyaz,74.749,https://www.trendyol.com/apple/iphone-16-256gb-beyaz-p-857296135,8.0,20.0,256.0,12.0,1,30.0
nova 12 SE 8 GB RAM,16.559,https://www.trendyol.com/huawei/nova-12-se-8-gb-ram-256-gb-siyah-cep-telefonu-p-828630898,8.0,20.0,256.0,12.0,0,70.0
iPhone 16 Pro Max 256GB,99.999,https://www.trendyol.com/apple/iphone-16-pro-max-256gb-naturel-titanyum-p-857296078,8.0,20.0,256.0,12.0,1,30.0
Gm 24 Pro 256,10.49,https://www.trendyol.com/general-mobile/gm-24-pro-256-gb-8gb-8-gb-genisletilmis-ram-dual-sim-cep-telefonu-p-757169338,16.0,50.0,256.0,12.0,0,30.0
iPhone 12 64 GB Mor Cep,27.499,https://www.trendyol.com/apple/iphone-12-64-gb-mor-cep-telefonu-aksesuarsiz-kutu-apple-turkiye-garantili-p-102272722,4.0,12.5,64.0,8.0,1,15.0
Yenilenmiş Galaxy S23,30.899,https://www.trendyol.com/samsung/yenilenmis-galaxy-s23-plus-256-krem-a-kalite-p-875110408,8.0,20.0,256.0,12.0,0,30.0
iPhone 16 Pro Max 256GB,99.999,https://www.trendyol.com/apple/iphone-16-pro-max-256gb-beyaz-titanyum-p-857296102,8.0,20.0,256.0,12.0,1,30.0
Defy Ve Dayanıklı,20.91965,https://www.trendyol.com/motorola/defy-ve-dayanikli-android10-telefon-p-192208331,4.0,5.0,4.0,12.0,0,30.0
iPhone 16 Pro 256GB,89.949,https://www.trendyol.com/apple/iphone-16-pro-256gb-siyah-titanyum-p-857296104,8.0,20.0,256.0,12.0,1,30.0
Yenilenmiş Galaxy S20,8.999,https://www.trendyol.com/samsung/yenilenmis-galaxy-s20-fe-256-gb-beyaz-cep-telefonu-12-ay-garantili-c-kalite-p-849050664,8.0,20.0,256.0,12.0,0,30.0
iPhone 16 Pro 128GB Çöl,82.999,https://www.trendyol.com/apple/iphone-16-pro-128gb-col-titanyum-p-857296094,8.0,20.0,128.0,12.0,1,30.0
iPhone 12 64 GB Beyaz,28.499,https://www.trendyol.com/apple/iphone-12-64-gb-beyaz-cep-telefonu-aksesuarsiz-kutu-apple-turkiye-garantili-p-54706466,4.0,12.5,64.0,8.0,1,15.0
iPhone 16 Pro 128GB,82.949,https://www.trendyol.com/apple/iphone-16-pro-128gb-siyah-titanyum-p-857296083,8.0,20.0,128.0,12.0,1,30.0
Yenilenmiş Galaxy,15.899,https://www.trendyol.com/samsung/yenilenmis-galaxy-note-20-256-gb-mistik-uzay-grisi-a-grade-p-689225691,4.0,20.0,256.0,12.0,0,30.0
iPhone 16 Pro Max 512GB,109.999,https://www.trendyol.com/apple/iphone-16-pro-max-512gb-col-titanyum-p-857296093,8.0,20.0,512.0,12.0,1,30.0
Mi 11t Pro 8/256gb Gri,20.999,https://www.trendyol.com/xiaomi/mi-11t-pro-8-256gb-gri-cep-telefonu-p-242248171,8.0,5.0,256.0,12.0,0,110.0
iPhone 11 128 GB Beyaz,26.999,https://www.trendyol.com/apple/iphone-11-128-gb-beyaz-cep-telefonu-aksesuarsiz-kutu-apple-turkiye-garantili-p-64074794,4.0,20.0,128.0,12.0,1,15.0
Galaxy S24 256 GB Gri,36.65,https://www.trendyol.com/samsung/galaxy-s24-256-gb-gri-p-792775312,8.0,20.0,256.0,12.0,0,30.0
Yenilenmiş iPhone X 256,11.84397,https://www.trendyol.com/apple/yenilenmis-iphone-x-256-gb-uzay-grisi-cep-telefonu-12-ay-garantili-b-kalite-p-689227150,3.0,12.5,256.0,12.0,0,30.0
iPhone 16 Pro 128GB,81.999,https://www.trendyol.com/apple/iphone-16-pro-128gb-naturel-titanyum-p-857296098,8.0,20.0,128.0,12.0,1,30.0
Iphone 6s 16gb Gümüş -,2.764,https://www.trendyol.com/apple/iphone-6s-16gb-gumus-yenilenmis-outlet-p-809585188,2.0,20.0,16.0,12.0,0,30.0
iPhone 16 Pro 128GB,81.999,https://www.trendyol.com/apple/iphone-16-pro-128gb-beyaz-titanyum-p-857296096,8.0,20.0,128.0,12.0,1,30.0
A43 128 GB 6 GB RAM,5.149,https://www.trendyol.com/hiking/a43-128-gb-6-gb-ram-cep-telefonu-buz-mavisi-p-786834376,6.0,7.5,128.0,12.0,0,30.0
iPhone 16 256GB Beyaz,74.749,https://www.trendyol.com/apple/iphone-16-256gb-beyaz-p-857296135,8.0,20.0,256.0,12.0,1,30.0
P13 Blue Max 128 Gb 4,3.149,https://www.trendyol.com/reeder/p13-blue-max-128-gb-4-gb-ram-2022-telefon-yesil-6-5-p-299146129,4.0,17.5,128.0,5.0,0,30.0
iPhone 16 Pro Max 256GB,99.999,https://www.trendyol.com/apple/iphone-16-pro-max-256gb-naturel-titanyum-p-857296078,8.0,20.0,256.0,12.0,1,30.0
Redmi 14C 8 GB RAM 256,8.999,https://www.trendyol.com/xiaomi/redmi-14c-8-gb-ram-256-gb-yesil-xiaomi-turkiye-garantili-p-869864069,8.0,20.0,256.0,13.0,0,15.0
iPhone 12 64 GB Mor Cep,27.499,https://www.trendyol.com/apple/iphone-12-64-gb-mor-cep-telefonu-aksesuarsiz-kutu-apple-turkiye-garantili-p-102272722,4.0,12.5,64.0,8.0,1,15.0
Yenilenmiş iPhone 12,18.999,https://www.trendyol.com/apple/yenilenmis-iphone-12-mini-64-gb-black-cep-telefonu-12-ay-garantili-p-455966610,4.0,12.5,128.0,12.0,0,30.0
iPhone 16 Pro Max 256GB,99.999,https://www.trendyol.com/apple/iphone-16-pro-max-256gb-beyaz-titanyum-p-857296102,8.0,20.0,256.0,12.0,1,30.0
Redmi Note 13 Pro 5G,27.999,https://www.trendyol.com/xiaomi/redmi-note-13-pro-5g-12-gb-ram-512-gb-mavi-cep-telefonu-xiaomi-turkiye-garantili-p-797850359,12.0,20.0,512.0,12.0,0,30.0
iPhone 16 Pro 256GB,89.949,https://www.trendyol.com/apple/iphone-16-pro-256gb-siyah-titanyum-p-857296104,8.0,20.0,256.0,12.0,1,30.0
Y17s 128 Gb 4 Gb Ram,7.499,https://www.trendyol.com/vivo/y17s-128-gb-4-gb-ram-isiltili-mor-cep-telefonu-turkiye-garantili-p-775975349,4.0,50.0,128.0,12.0,0,30.0
iPhone 16 Pro 128GB Çöl,82.999,https://www.trendyol.com/apple/iphone-16-pro-128gb-col-titanyum-p-857296094,8.0,20.0,128.0,12.0,1,30.0
Yenilenmiş iPhone 14,61.79897,https://www.trendyol.com/apple/yenilenmis-iphone-14-pro-max-128-gb-derin-mor-cep-telefonu-12-ay-garantili-a-kalite-p-846885273,6.0,20.0,128.0,12.0,0,30.0
S71 256 GB MAVİ,13.999,https://www.trendyol.com/reeder/s71-256-gb-mavi-p-881676546,12.0,20.0,256.0,32.0,0,30.0
iPhone 16 Pro 128GB,82.949,https://www.trendyol.com/apple/iphone-16-pro-128gb-siyah-titanyum-p-857296083,8.0,20.0,128.0,12.0,1,30.0
Galaxy A34 5g 128 Gb,17.375,https://www.trendyol.com/samsung/galaxy-a34-5g-128-gb-8-gb-ram-gumus-p-679425555,8.0,20.0,128.0,13.0,0,30.0
iPhone 16 Pro Max 512GB,109.999,https://www.trendyol.com/apple/iphone-16-pro-max-512gb-col-titanyum-p-857296093,8.0,20.0,512.0,12.0,1,30.0
Yenilenmiş Iphone 14,56.499,https://www.trendyol.com/apple/yenilenmis-iphone-14-pro-128-gb-derin-mor-b-kalite-12-ay-garantili-p-865706410,7.875,20.0,128.0,12.0,0,30.0
iPhone 11 128 GB Beyaz,26.999,https://www.trendyol.com/apple/iphone-11-128-gb-beyaz-cep-telefonu-aksesuarsiz-kutu-apple-turkiye-garantili-p-64074794,4.0,20.0,128.0,12.0,1,15.0
Yenilenmiş SAMSUNG,7.82697,https://www.trendyol.com/samsung/yenilenmis-samsung-galaxy-a52-128gb-a-kalite-mor-p-796428615,8.0,20.0,128.0,12.0,0,30.0
iPhone 12 64 GB Beyaz,28.499,https://www.trendyol.com/apple/iphone-12-64-gb-beyaz-cep-telefonu-aksesuarsiz-kutu-apple-turkiye-garantili-p-54706466,4.0,12.5,64.0,8.0,1,15.0
Zero 30 8 GB Ram + 8,12.999,https://www.trendyol.com/infinix/zero-30-8-gb-ram-8-gb-sanal-ram-256-gb-cep-telefonu-infinix-turkiye-garantili-p-785168571,8.0,20.0,256.0,40.0,0,50.0
iPhone 16 Pro 128GB,81.999,https://www.trendyol.com/apple/iphone-16-pro-128gb-naturel-titanyum-p-857296098,8.0,20.0,128.0,12.0,1,30.0
Yenilenmiş iPhone 11,20.59897,https://www.trendyol.com/apple/yenilenmis-iphone-11-256-gb-beyaz-cep-telefonu-12-ay-garantili-a-kalite-p-689224425,4.0,20.0,256.0,12.0,0,30.0
iPhone 16 Pro 128GB,81.999,https://www.trendyol.com/apple/iphone-16-pro-128gb-beyaz-titanyum-p-857296096,8.0,20.0,128.0,12.0,1,30.0
Yenilenmiş Apple iPhone,42.599,https://www.trendyol.com/apple/yenilenmis-apple-iphone-13-pro-128-gb-12-ay-delta-servis-garantili-c-kalite-p-854034220,7.875,20.0,128.0,12.0,0,30.0
iPhone 16 256GB Beyaz,74.749,https://www.trendyol.com/apple/iphone-16-256gb-beyaz-p-857296135,8.0,20.0,256.0,12.0,1,30.0
Y19s 128 Gb 4gb Işıltılı,7.499,https://www.trendyol.com/vivo/y19s-128-gb-4gb-isiltili-siyah-p-875636182,4.0,50.0,128.0,5.0,0,30.0
iPhone 16 Pro Max 256GB,99.999,https://www.trendyol.com/apple/iphone-16-pro-max-256gb-naturel-titanyum-p-857296078,8.0,20.0,256.0,12.0,1,30.0
Galaxy A15 8 GB RAM,10.999,https://www.trendyol.com/samsung/galaxy-a15-8-gb-ram-256-gb-mavi-p-793616441,8.0,50.0,256.0,10.0,0,30.0
iPhone 12 64 GB Mor Cep,27.499,https://www.trendyol.com/apple/iphone-12-64-gb-mor-cep-telefonu-aksesuarsiz-kutu-apple-turkiye-garantili-p-102272722,4.0,12.5,64.0,8.0,1,15.0
Yenilenmiş SAMSUNG,5.207,https://www.trendyol.com/samsung/yenilenmis-samsung-galaxy-a05-128gb-b-kalite-siyah-p-876871195,4.0,20.0,128.0,12.0,0,30.0
iPhone 16 Pro Max 256GB,99.999,https://www.trendyol.com/apple/iphone-16-pro-max-256gb-beyaz-titanyum-p-857296102,8.0,20.0,256.0,12.0,1,30.0
S19 Max Pro S Zoom,12.999,https://www.trendyol.com/reeder/s19-max-pro-s-zoom-turkiye-reeder-garantili-p-803881883,8.0,20.0,128.0,20.0,0,30.0
iPhone 16 Pro 256GB,89.949,https://www.trendyol.com/apple/iphone-16-pro-256gb-siyah-titanyum-p-857296104,8.0,20.0,256.0,12.0,1,30.0
iPhone 16 Pro 128GB Çöl,82.999,https://www.trendyol.com/apple/iphone-16-pro-128gb-col-titanyum-p-857296094,8.0,20.0,128.0,12.0,1,30.0
ERA 30 8GB,6.995,https://www.trendyol.com/general-mobile/era-30-8gb-4gb-4gb-genisletilmis-ram-128gb-hafiza-cift-sim-kart-p-848806977,4.0,50.0,128.0,8.0,0,15.0
X400 128 Gb 4 Gb Ram,5.245,https://www.trendyol.com/omix/x400-128-gb-4-gb-ram-beyaz-akilli-telefon-bluetooth-kulaklik-hediyeli-p-328927415,4.0,50.0,128.0,12.0,0,30.0
iPhone 16 Pro 128GB,82.949,https://www.trendyol.com/apple/iphone-16-pro-128gb-siyah-titanyum-p-857296083,8.0,20.0,128.0,12.0,1,30.0
Yenilenmiş iPhone 11 64,14.904,https://www.trendyol.com/apple/yenilenmis-iphone-11-64-gb-kirmizi-cep-telefonu-12-ay-garantili-b-kalite-p-366523931,4.0,20.0,64.0,12.0,0,30.0
iPhone 16 Pro Max 512GB,109.999,https://www.trendyol.com/apple/iphone-16-pro-max-512gb-col-titanyum-p-857296093,8.0,20.0,512.0,12.0,1,30.0
Hot 40 Pro 8 gb + 8,12.9,https://www.trendyol.com/infinix/hot-40-pro-8-gb-8-gb-sanal-ram-256-gb-infinix-turkiye-garantili-p-832132989,8.0,20.0,256.0,32.0,0,30.0
iPhone 11 128 GB Beyaz,26.999,https://www.trendyol.com/apple/iphone-11-128-gb-beyaz-cep-telefonu-aksesuarsiz-kutu-apple-turkiye-garantili-p-64074794,4.0,20.0,128.0,12.0,1,15.0
Yenilenmiş iPhone 12,21.11397,https://www.trendyol.com/apple/yenilenmis-iphone-12-mini-128-gb-siyah-a-grade-p-689214680,4.0,20.0,128.0,12.0,0,30.0
iPhone 12 64 GB Beyaz,28.499,https://www.trendyol.com/apple/iphone-12-64-gb-beyaz-cep-telefonu-aksesuarsiz-kutu-apple-turkiye-garantili-p-54706466,4.0,12.5,64.0,8.0,1,15.0
X9b 5g 12gb Ram 256 Gb,17.567,https://www.trendyol.com/honor/x9b-5g-12gb-ram-256-gb-yesil-kvk-turkiye-garantili-p-832529307,12.0,20.0,256.0,12.0,0,30.0
iPhone 16 Pro 128GB,81.999,https://www.trendyol.com/apple/iphone-16-pro-128gb-naturel-titanyum-p-857296098,8.0,20.0,128.0,12.0,1,30.0
Yenilenmiş SAMSUNG,19.334,https://www.trendyol.com/samsung/yenilenmis-samsung-galaxy-z-flip-4-128gb-b-kalite-mavi-p-875635651,8.0,20.0,128.0,12.0,0,30.0
iPhone 16 Pro 128GB,81.999,https://www.trendyol.com/apple/iphone-16-pro-128gb-beyaz-titanyum-p-857296096,8.0,20.0,128.0,12.0,1,30.0
Yenilenmiş iPhone X 64,11.199,https://www.trendyol.com/apple/yenilenmis-iphone-x-64-gb-uzay-grisi-cep-telefonu-12-ay-garantili-a-kalite-p-689214809,4.0,20.0,64.0,12.0,0,30.0
iPhone 16 256GB Beyaz,74.749,https://www.trendyol.com/apple/iphone-16-256gb-beyaz-p-857296135,8.0,20.0,256.0,12.0,1,30.0
Yenilenmiş iPhone 12,19.77497,https://www.trendyol.com/apple/yenilenmis-iphone-12-mini-64gb-beyaz-a-kalite-p-778393238,4.0,20.0,64.0,12.0,0,30.0
iPhone 16 Pro Max 256GB,99.999,https://www.trendyol.com/apple/iphone-16-pro-max-256gb-naturel-titanyum-p-857296078,8.0,20.0,256.0,12.0,1,30.0
Galaxy A32 128 GB,19.65,https://www.trendyol.com/samsung/galaxy-a32-128-gb-lavanta-cep-telefonu-samsung-turkiye-garantili-p-102207092,6.0,20.0,128.0,20.0,0,15.0
iPhone 12 64 GB Mor Cep,27.499,https://www.trendyol.com/apple/iphone-12-64-gb-mor-cep-telefonu-aksesuarsiz-kutu-apple-turkiye-garantili-p-102272722,4.0,12.5,64.0,8.0,1,15.0
Yenilenmiş Samsung,19.839,https://www.trendyol.com/samsung/yenilenmis-samsung-galaxy-s23-fe-256gb-a-kalite-yesil-p-881357943,8.0,20.0,256.0,12.0,0,30.0
iPhone 16 Pro Max 256GB,99.999,https://www.trendyol.com/apple/iphone-16-pro-max-256gb-beyaz-titanyum-p-857296102,8.0,20.0,256.0,12.0,1,30.0
11 Nfc 16 Gb Ram 8gb,12.68,https://www.trendyol.com/realme/11-nfc-16-gb-ram-8gb-8gb-a-kadar-dinamik-ram-256-gb-turkiye-garantili-kablolu-kulaklik-hediye-p-804100204,16.0,20.0,256.0,14.0,0,70.0
iPhone 16 Pro 256GB,89.949,https://www.trendyol.com/apple/iphone-16-pro-256gb-siyah-titanyum-p-857296104,8.0,20.0,256.0,12.0,1,30.0
Yenilenmiş Iphone 12,39.13897,https://www.trendyol.com/apple/yenilenmis-iphone-12-pro-max-256-gb-altin-256-gb-altin-b-grade-p-689214544,4.0,20.0,256.0,12.0,0,30.0
iPhone 16 Pro 128GB Çöl,82.999,https://www.trendyol.com/apple/iphone-16-pro-128gb-col-titanyum-p-857296094,8.0,20.0,128.0,12.0,1,30.0
Camon 30 256 GB / 12 GB,13.899,https://www.trendyol.com/tecno/camon-30-256-gb-12-gb-ram-siyah-tecno-turkiye-garantili-p-838233269,12.0,50.0,256.0,12.0,0,30.0
iPhone 16 Pro 128GB,82.949,https://www.trendyol.com/apple/iphone-16-pro-128gb-siyah-titanyum-p-857296083,8.0,20.0,128.0,12.0,1,30.0
iPhone 15 Pro Max 512,94.399,https://www.trendyol.com/apple/iphone-15-pro-max-512-gb-mavi-titanyum-p-762254886,8.0,20.0,512.0,12.0,1,30.0
iPhone 16 Pro Max 512GB,109.999,https://www.trendyol.com/apple/iphone-16-pro-max-512gb-col-titanyum-p-857296093,8.0,20.0,512.0,12.0,1,30.0
Yenilenmiş iPhone 12,18.999,https://www.trendyol.com/apple/yenilenmis-iphone-12-mini-64-gb-siyah-a-grade-p-689223326,4.0,20.0,64.0,12.0,0,30.0
iPhone 11 128 GB Beyaz,26.999,https://www.trendyol.com/apple/iphone-11-128-gb-beyaz-cep-telefonu-aksesuarsiz-kutu-apple-turkiye-garantili-p-64074794,4.0,20.0,128.0,12.0,1,15.0
Galaxy A16 6 GB RAM,10.999,https://www.trendyol.com/samsung/galaxy-a16-6-gb-ram-128-gb-siyah-samsung-turkiye-garantili-p-879171109,6.0,50.0,128.0,10.0,0,30.0
iPhone 12 64 GB Beyaz,28.499,https://www.trendyol.com/apple/iphone-12-64-gb-beyaz-cep-telefonu-aksesuarsiz-kutu-apple-turkiye-garantili-p-54706466,4.0,12.5,64.0,8.0,1,15.0
Yenilenmiş iPhone 14,39.999,https://www.trendyol.com/apple/yenilenmis-iphone-14-128-gb-mavi-a-kalite-p-858652355,6.0,20.0,128.0,12.0,0,30.0
iPhone 16 Pro 128GB,81.999,https://www.trendyol.com/apple/iphone-16-pro-128gb-naturel-titanyum-p-857296098,8.0,20.0,128.0,12.0,1,30.0
Era 50 12gb,7.649,https://www.trendyol.com/general-mobile/era-50-12gb-6gb-6gb-genisletilmis-ram-128-gb-hafiza-cift-sim-kart-p-848804239,6.0,50.0,128.0,32.0,0,30.0
iPhone 16 Pro 128GB,81.999,https://www.trendyol.com/apple/iphone-16-pro-128gb-beyaz-titanyum-p-857296096,8.0,20.0,128.0,12.0,1,30.0
Magic 6 Pro 512 GB 12,54.999,https://www.trendyol.com/honor/magic-6-pro-512-gb-12-gb-ram-siyah-p-829177129,12.0,50.0,512.0,40.0,0,30.0
iPhone 16 256GB Beyaz,74.749,https://www.trendyol.com/apple/iphone-16-256gb-beyaz-p-857296135,8.0,20.0,256.0,12.0,1,30.0
Yenilenmiş Samsung,11.299,https://www.trendyol.com/samsung/yenilenmis-samsung-galaxy-note-10-plus-256-gb-12-ay-delta-servis-garantili-c-kalite-p-851442041,12.0,20.0,256.0,12.0,0,30.0
iPhone 16 Pro Max 256GB,99.999,https://www.trendyol.com/apple/iphone-16-pro-max-256gb-naturel-titanyum-p-857296078,8.0,20.0,256.0,12.0,1,30.0
İphone 11 128 Gb Siyah,27.4,https://www.trendyol.com/apple/iphone-11-128-gb-siyah-mhdh3tu-a-p-64074797,4.0,20.0,128.0,12.0,1,15.0
iPhone 12 64 GB Mor Cep,27.499,https://www.trendyol.com/apple/iphone-12-64-gb-mor-cep-telefonu-aksesuarsiz-kutu-apple-turkiye-garantili-p-102272722,4.0,12.5,64.0,8.0,1,15.0
10 128 GB 8 GB RAM,8.099,https://www.trendyol.com/realme/10-128-gb-8-gb-ram-gundogumu-beyazi-cep-telefonu-realme-turkiye-garantili-p-683881268,8.0,20.0,128.0,12.0,0,30.0
iPhone 16 Pro Max 256GB,99.999,https://www.trendyol.com/apple/iphone-16-pro-max-256gb-beyaz-titanyum-p-857296102,8.0,20.0,256.0,12.0,1,30.0
Y17s 128 Gb 6 Gb Ram,6.35,https://www.trendyol.com/vivo/y17s-128-gb-6-gb-ram-isiltili-mor-cep-telefonu-turkiye-garantili-p-776126166,6.0,50.0,128.0,12.0,0,30.0
iPhone 16 Pro 256GB,89.949,https://www.trendyol.com/apple/iphone-16-pro-256gb-siyah-titanyum-p-857296104,8.0,20.0,256.0,12.0,1,30.0
Redmi 9C 3 GB RAM 64,5.999,https://www.trendyol.com/xiaomi/redmi-9c-3-gb-ram-64-gb-cep-telefonu-siyah-xiaomi-turkiye-garantili-p-236449618,3.0,12.5,64.0,5.0,0,15.0
iPhone 16 Pro 128GB Çöl,82.999,https://www.trendyol.com/apple/iphone-16-pro-128gb-col-titanyum-p-857296094,8.0,20.0,128.0,12.0,1,30.0
S23 Pro Max 8/512 Gb,8.5,https://www.trendyol.com/reeder/s23-pro-max-8-512-gb-mavi-reeder-turkiye-garantili-p-809909300,8.0,20.0,512.0,20.0,0,30.0
iPhone 16 Pro 128GB,82.949,https://www.trendyol.com/apple/iphone-16-pro-128gb-siyah-titanyum-p-857296083,8.0,20.0,128.0,12.0,1,30.0
iPhone 16 Plus 128GB,73.999,https://www.trendyol.com/apple/iphone-16-plus-128gb-pembe-p-857296115,8.0,20.0,128.0,12.0,1,30.0
iPhone 16 Pro Max 512GB,109.999,https://www.trendyol.com/apple/iphone-16-pro-max-512gb-col-titanyum-p-857296093,8.0,20.0,512.0,12.0,1,30.0
Y28 8/128 Gb Akıllı,8.499,https://www.trendyol.com/vivo/y28-8-128-gb-akilli-telefon-metalik-yesil-p-877381666,8.0,20.0,128.0,12.0,0,30.0
iPhone 11 128 GB Beyaz,26.999,https://www.trendyol.com/apple/iphone-11-128-gb-beyaz-cep-telefonu-aksesuarsiz-kutu-apple-turkiye-garantili-p-64074794,4.0,20.0,128.0,12.0,1,15.0
Hot 40 Pro 8 Gb Ram 8,11.5,https://www.trendyol.com/infinix/hot-40-pro-8-gb-ram-8-gb-sanal-ram-256gb-yesil-cep-telefonu-turkiye-garantili-p-806153712,8.0,20.0,256.0,32.0,0,30.0
iPhone 12 64 GB Beyaz,28.499,https://www.trendyol.com/apple/iphone-12-64-gb-beyaz-cep-telefonu-aksesuarsiz-kutu-apple-turkiye-garantili-p-54706466,4.0,12.5,64.0,8.0,1,15.0
iPhone 16 Pro Max 512GB,105.999,https://www.trendyol.com/apple/iphone-16-pro-max-512gb-naturel-titanyum-p-857296112,8.0,20.0,512.0,12.0,1,30.0
iPhone 16 Pro 128GB,81.999,https://www.trendyol.com/apple/iphone-16-pro-128gb-naturel-titanyum-p-857296098,8.0,20.0,128.0,12.0,1,30.0
Yenilenmiş iPhone Xs,15.999,https://www.trendyol.com/apple/yenilenmis-iphone-xs-max-64-gb-uzay-grisi-64-gb-uzay-grisi-a-grade-p-689226396,4.0,20.0,64.0,12.0,0,30.0
iPhone 16 Pro 128GB,81.999,https://www.trendyol.com/apple/iphone-16-pro-128gb-beyaz-titanyum-p-857296096,8.0,20.0,128.0,12.0,1,30.0
P30 Pro Beyaz 128 Gb /,12.224,https://www.trendyol.com/huawei/p30-pro-beyaz-128-gb-8-gb-ram-yenilenmis-urun-sifir-gibi-p-817788071,8.0,20.0,128.0,12.0,0,30.0
iPhone 16 256GB Beyaz,74.749,https://www.trendyol.com/apple/iphone-16-256gb-beyaz-p-857296135,8.0,20.0,256.0,12.0,1,30.0
Note 30 X6833B 128 GB,9.25,https://www.trendyol.com/infinix/note-30-x6833b-128-gb-8gb-ram-cep-telefonu-p-739646850,8.0,20.0,128.0,12.0,0,30.0
iPhone 16 Pro Max 256GB,99.999,https://www.trendyol.com/apple/iphone-16-pro-max-256gb-naturel-titanyum-p-857296078,8.0,20.0,256.0,12.0,1,30.0
Galaxy A35 256 GB,15.9,https://www.trendyol.com/samsung/galaxy-a35-256-gb-sari-cep-telefonu-samsung-turkiye-garantili-p-816445654,8.0,50.0,256.0,13.0,0,30.0
iPhone 12 64 GB Mor Cep,27.499,https://www.trendyol.com/apple/iphone-12-64-gb-mor-cep-telefonu-aksesuarsiz-kutu-apple-turkiye-garantili-p-102272722,4.0,12.5,64.0,8.0,1,15.0
VIA X40 256 Gb 8 Gb,10.399,https://www.trendyol.com/casper/via-x40-256-gb-8-gb-ram-gece-siyahi-amoled-ekran-p-877873398,8.0,50.0,256.0,12.0,0,30.0
iPhone 16 Pro Max 256GB,99.999,https://www.trendyol.com/apple/iphone-16-pro-max-256gb-beyaz-titanyum-p-857296102,8.0,20.0,256.0,12.0,1,30.0
Mix Flip 12/512 GB Mor,69.999,https://www.trendyol.com/xiaomi/mix-flip-12-512-gb-mor-xiaomi-turkiye-garantili-p-862463130,12.0,50.0,512.0,32.0,0,70.0
iPhone 16 Pro 256GB,89.949,https://www.trendyol.com/apple/iphone-16-pro-256gb-siyah-titanyum-p-857296104,8.0,20.0,256.0,12.0,1,30.0
Note 30 Pro 256 GB,11.849,https://www.trendyol.com/infinix/note-30-pro-256-gb-gold-ithalatci-garantili-p-846196073,8.0,20.0,256.0,32.0,0,50.0
iPhone 16 Pro 128GB Çöl,82.999,https://www.trendyol.com/apple/iphone-16-pro-128gb-col-titanyum-p-857296094,8.0,20.0,128.0,12.0,1,30.0
Galaxy A15 6 GB RAM,10.05,https://www.trendyol.com/samsung/galaxy-a15-6-gb-ram-128-gb-sari-samsung-turkiye-garantili-p-793616428,6.0,50.0,128.0,10.0,0,30.0
iPhone 16 Pro 128GB,82.949,https://www.trendyol.com/apple/iphone-16-pro-128gb-siyah-titanyum-p-857296083,8.0,20.0,128.0,12.0,1,30.0
Galaxy S20 FE Yeşil,7.399,https://www.trendyol.com/samsung/galaxy-s20-fe-yesil-128-gb-6-gb-ram-yenilenmis-urun-b-kalite-p-873478875,6.0,20.0,128.0,12.0,0,30.0
iPhone 16 Pro Max 512GB,109.999,https://www.trendyol.com/apple/iphone-16-pro-max-512gb-col-titanyum-p-857296093,8.0,20.0,512.0,12.0,1,30.0
Galaxy Z Fold6 512 GB,85.499,https://www.trendyol.com/samsung/galaxy-z-fold6-512-gb-gumus-cep-telefonu-samsung-turkiye-garantili-p-838658387,12.0,20.0,512.0,8.0,0,30.0
iPhone 11 128 GB Beyaz,26.999,https://www.trendyol.com/apple/iphone-11-128-gb-beyaz-cep-telefonu-aksesuarsiz-kutu-apple-turkiye-garantili-p-64074794,4.0,20.0,128.0,12.0,1,15.0
Yenilenmiş iPhone 14,61.79897,https://www.trendyol.com/apple/yenilenmis-iphone-14-pro-max-128-gb-gumus-cep-telefonu-12-ay-garantili-a-kalite-p-846790469,6.0,20.0,128.0,12.0,0,30.0
iPhone 12 64 GB Beyaz,28.499,https://www.trendyol.com/apple/iphone-12-64-gb-beyaz-cep-telefonu-aksesuarsiz-kutu-apple-turkiye-garantili-p-54706466,4.0,12.5,64.0,8.0,1,15.0
Yenilenmiş Samsung,3.999,https://www.trendyol.com/samsung/yenilenmis-samsung-galaxy-a04s-64-gb-siyah-p-773283308,4.0,20.0,64.0,12.0,0,30.0
iPhone 16 Pro 128GB,81.999,https://www.trendyol.com/apple/iphone-16-pro-128gb-naturel-titanyum-p-857296098,8.0,20.0,128.0,12.0,1,30.0
Yenilenmiş REDMI NOTE,5.149,https://www.trendyol.com/xiaomi/yenilenmis-redmi-note-11-64gb-a-kalite-gri-p-827651286,4.0,20.0,64.0,12.0,0,30.0
iPhone 16 Pro 128GB,81.999,https://www.trendyol.com/apple/iphone-16-pro-128gb-beyaz-titanyum-p-857296096,8.0,20.0,128.0,12.0,1,30.0
Mi 10 256GB Yeşil,19.499,https://www.trendyol.com/xiaomi/mi-10-256gb-yesil-akilli-cep-telefonu-xiaomi-turkiye-garantili-p-41174443,8.0,5.0,256.0,14.0,0,30.0
iPhone 16 256GB Beyaz,74.749,https://www.trendyol.com/apple/iphone-16-256gb-beyaz-p-857296135,8.0,20.0,256.0,12.0,1,30.0
Galaxy S22 Ultra,28.999,https://www.trendyol.com/samsung/galaxy-s22-ultra-phantom-black-128gb-yenilenmis-b-kalite-12-ay-garantili-p-818457394,8.0,20.0,128.0,12.0,0,30.0
iPhone 16 Pro Max 256GB,99.999,https://www.trendyol.com/apple/iphone-16-pro-max-256gb-naturel-titanyum-p-857296078,8.0,20.0,256.0,12.0,1,30.0
Armor 21 Android 14,32.9999,https://www.trendyol.com/ulefone/armor-21-android-14-9600mah-ip68-mtk-g99-8gb-256gb-122db-yuksek-hoparlor-cep-telefonu-p-820832762,8.0,17.5,256.0,12.0,0,30.0
iPhone 12 64 GB Mor Cep,27.499,https://www.trendyol.com/apple/iphone-12-64-gb-mor-cep-telefonu-aksesuarsiz-kutu-apple-turkiye-garantili-p-102272722,4.0,12.5,64.0,8.0,1,15.0
SPARK 20 Pro Plus 256GB,12.499,https://www.trendyol.com/tecno/spark-20-pro-plus-256gb-8-gb-ram-tecno-turkiye-garantili-p-846247112,8.0,20.0,256.0,32.0,0,30.0
iPhone 16 Pro Max 256GB,99.999,https://www.trendyol.com/apple/iphone-16-pro-max-256gb-beyaz-titanyum-p-857296102,8.0,20.0,256.0,12.0,1,30.0
iPhone 15 Pro Max 512,98.479,https://www.trendyol.com/apple/iphone-15-pro-max-512-gb-naturel-titanyum-p-762254865,8.0,20.0,512.0,12.0,1,30.0
iPhone 16 Pro 256GB,89.949,https://www.trendyol.com/apple/iphone-16-pro-256gb-siyah-titanyum-p-857296104,8.0,20.0,256.0,12.0,1,30.0
iPhone 15 256 GB Pembe,58.399,https://www.trendyol.com/apple/iphone-15-256-gb-pembe-p-762254854,6.0,20.0,256.0,12.0,1,15.0
iPhone 16 Pro 128GB Çöl,82.999,https://www.trendyol.com/apple/iphone-16-pro-128gb-col-titanyum-p-857296094,8.0,20.0,128.0,12.0,1,30.0
Yenilenmiş iPhone 11,23.68897,https://www.trendyol.com/apple/yenilenmis-iphone-11-pro-256-gb-gumus-a-kalite-p-852538342,4.0,20.0,256.0,12.0,0,30.0
iPhone 16 Pro 128GB,82.949,https://www.trendyol.com/apple/iphone-16-pro-128gb-siyah-titanyum-p-857296083,8.0,20.0,128.0,12.0,1,30.0
Yenilenmiş Samsung,9.499,https://www.trendyol.com/samsung/yenilenmis-samsung-galaxy-s20-fe-128-gb-mavi-cep-telefonu-12-ay-garantili-c-kalite-p-851225192,6.0,20.0,128.0,12.0,0,30.0
iPhone 16 Pro Max 512GB,109.999,https://www.trendyol.com/apple/iphone-16-pro-max-512gb-col-titanyum-p-857296093,8.0,20.0,512.0,12.0,1,30.0
iPhone 16 Pro 1TB Çöl,130.0,https://www.trendyol.com/apple/iphone-16-pro-1tb-col-titanyum-p-857296107,8.0,20.0,1024.0,12.0,1,30.0
iPhone 11 128 GB Beyaz,26.999,https://www.trendyol.com/apple/iphone-11-128-gb-beyaz-cep-telefonu-aksesuarsiz-kutu-apple-turkiye-garantili-p-64074794,4.0,20.0,128.0,12.0,1,15.0
V40 5G 256 GB 12 GB Ram,27.999,https://www.trendyol.com/vivo/v40-5g-256-gb-12-gb-ram-titanyum-moru-cep-telefonu-vivo-turkiye-garantili-p-868856534,12.0,50.0,256.0,40.0,0,30.0
iPhone 12 64 GB Beyaz,28.499,https://www.trendyol.com/apple/iphone-12-64-gb-beyaz-cep-telefonu-aksesuarsiz-kutu-apple-turkiye-garantili-p-54706466,4.0,12.5,64.0,8.0,1,15.0
303 2 GB 32 GB,2.85,https://www.trendyol.com/tcl/303-2-gb-32-gb-p-669626875,2.0,5.0,32.0,12.0,0,30.0
iPhone 16 Pro 128GB,81.999,https://www.trendyol.com/apple/iphone-16-pro-128gb-naturel-titanyum-p-857296098,8.0,20.0,128.0,12.0,1,30.0
Yenilenmiş Iphone 7 32,3.899,https://www.trendyol.com/apple/yenilenmis-iphone-7-32-gb-gumus-cep-telefonu-12-ay-garantili-b-kalite-p-852474659,7.875,20.0,32.0,12.0,0,30.0
iPhone 16 Pro 128GB,81.999,https://www.trendyol.com/apple/iphone-16-pro-128gb-beyaz-titanyum-p-857296096,8.0,20.0,128.0,12.0,1,30.0
Galaxy M31S 128 GB -,5.999,https://www.trendyol.com/samsung/galaxy-m31s-128-gb-6-gb-ram-sm-m317f-dsn-yenilenmis-urun-a-kalite-p-815169328,6.0,20.0,128.0,12.0,0,30.0
iPhone 16 256GB Beyaz,74.749,https://www.trendyol.com/apple/iphone-16-256gb-beyaz-p-857296135,8.0,20.0,256.0,12.0,1,30.0
Yenilenmiş iPhone 11,23.58597,https://www.trendyol.com/apple/yenilenmis-iphone-11-pro-max-64-gb-gece-yarisi-yesili-cep-telefonu-12-ay-garantili-a-kalite-p-689223352,4.0,20.0,64.0,12.0,0,30.0
iPhone 16 Pro Max 256GB,99.999,https://www.trendyol.com/apple/iphone-16-pro-max-256gb-naturel-titanyum-p-857296078,8.0,20.0,256.0,12.0,1,30.0
İphone 13 128 Gb Yeşil,40.399,https://www.trendyol.com/apple/iphone-13-128-gb-yesil-cep-telefonu-mngk3tu-a-p-266090694,4.0,20.0,128.0,12.0,1,15.0
iPhone 12 64 GB Mor Cep,27.499,https://www.trendyol.com/apple/iphone-12-64-gb-mor-cep-telefonu-aksesuarsiz-kutu-apple-turkiye-garantili-p-102272722,4.0,12.5,64.0,8.0,1,15.0
Yenilenmiş Apple iPhone,82.199,https://www.trendyol.com/apple/yenilenmis-apple-iphone-15-pro-max-256-gb-mavi-titanyum-12-ay-garantili-a-grade-p-848532646,7.875,20.0,256.0,12.0,0,30.0
iPhone 16 Pro Max 256GB,99.999,https://www.trendyol.com/apple/iphone-16-pro-max-256gb-beyaz-titanyum-p-857296102,8.0,20.0,256.0,12.0,1,30.0
Yenilenmiş Samsung,46.999,https://www.trendyol.com/samsung/yenilenmis-samsung-galaxy-s23-ultra-siyah-256-gb-a-kalite-p-860034797,7.875,20.0,256.0,12.0,0,30.0
iPhone 16 Pro 256GB,89.949,https://www.trendyol.com/apple/iphone-16-pro-256gb-siyah-titanyum-p-857296104,8.0,20.0,256.0,12.0,1,30.0
Yenilenmiş Apple iPhone,24.999,https://www.trendyol.com/apple/yenilenmis-apple-iphone-11-pro-max-256-gb-12-ay-delta-servis-garantili-c-kalite-p-850636193,4.0,12.5,256.0,12.0,0,30.0
iPhone 16 Pro 128GB Çöl,82.999,https://www.trendyol.com/apple/iphone-16-pro-128gb-col-titanyum-p-857296094,8.0,20.0,128.0,12.0,1,30.0
P13 Blue Max Pro 2021,3.599,https://www.trendyol.com/reeder/p13-blue-max-pro-2021-6-128-siyah-renk-p-831495244,6.0,20.0,128.0,8.0,0,30.0
iPhone 16 Pro 128GB,82.949,https://www.trendyol.com/apple/iphone-16-pro-128gb-siyah-titanyum-p-857296083,8.0,20.0,128.0,12.0,1,30.0
Yenilenmiş iPhone X 64,10.959,https://www.trendyol.com/apple/yenilenmis-iphone-x-64-gb-silver-cep-telefonu-12-ay-garantili-c-kalite-p-881145601,7.875,20.0,64.0,12.0,0,30.0
iPhone 16 Pro Max 512GB,109.999,https://www.trendyol.com/apple/iphone-16-pro-max-512gb-col-titanyum-p-857296093,8.0,20.0,512.0,12.0,1,30.0
Hiking A43 128 GB 6 GB,5.199,https://www.trendyol.com/hiking/hiking-a43-128-gb-6-gb-ram-cep-telefonu-mor-p-781242533,6.0,7.5,128.0,12.0,0,30.0
iPhone 11 128 GB Beyaz,26.999,https://www.trendyol.com/apple/iphone-11-128-gb-beyaz-cep-telefonu-aksesuarsiz-kutu-apple-turkiye-garantili-p-64074794,4.0,20.0,128.0,12.0,1,15.0
Yenilenmiş iPhone 13,29.999,https://www.trendyol.com/apple/yenilenmis-iphone-13-mini-128-gb-gece-yarisi-a-grade-p-689224888,4.0,20.0,128.0,12.0,0,30.0
iPhone 12 64 GB Beyaz,28.499,https://www.trendyol.com/apple/iphone-12-64-gb-beyaz-cep-telefonu-aksesuarsiz-kutu-apple-turkiye-garantili-p-54706466,4.0,12.5,64.0,8.0,1,15.0
C61 (RMX3930),6.584,https://www.trendyol.com/realme/c61-rmx3930-6gb-128gb-parlak-altin-p-862718828,6.0,50.0,128.0,12.0,0,30.0
iPhone 16 Pro 128GB,81.999,https://www.trendyol.com/apple/iphone-16-pro-128gb-naturel-titanyum-p-857296098,8.0,20.0,128.0,12.0,1,30.0
Yenilenmiş iPhone Se,8.899,https://www.trendyol.com/apple/yenilenmis-iphone-se-2020-64-gb-kirmizi-cep-telefonu-12-ay-garantili-a-kalite-p-371951103,3.0,20.0,64.0,12.0,0,30.0
iPhone 16 Pro 128GB,81.999,https://www.trendyol.com/apple/iphone-16-pro-128gb-beyaz-titanyum-p-857296096,8.0,20.0,128.0,12.0,1,30.0
Camon 30 Pro 5G CL8,25.999,https://www.trendyol.com/tecno/camon-30-pro-5g-cl8-12-512-gb-tecno-turkiye-garantili-p-838002138,12.0,20.0,512.0,12.0,0,30.0
iPhone 16 256GB Beyaz,74.749,https://www.trendyol.com/apple/iphone-16-256gb-beyaz-p-857296135,8.0,20.0,256.0,12.0,1,30.0
Yenilenmiş Iphone 13,30.999,https://www.trendyol.com/apple/yenilenmis-iphone-13-128-gb-yesil-128-gb-yesil-a-grade-p-689221443,4.0,20.0,128.0,12.0,0,30.0
iPhone 16 Pro Max 256GB,99.999,https://www.trendyol.com/apple/iphone-16-pro-max-256gb-naturel-titanyum-p-857296078,8.0,20.0,256.0,12.0,1,30.0
14T Mavi Titanyum,31.389,https://www.trendyol.com/xiaomi/14t-mavi-titanyum-12-512-gb-xiaomi-turkiye-garantili-p-861661673,12.0,50.0,512.0,32.0,0,70.0
iPhone 12 64 GB Mor Cep,27.499,https://www.trendyol.com/apple/iphone-12-64-gb-mor-cep-telefonu-aksesuarsiz-kutu-apple-turkiye-garantili-p-102272722,4.0,12.5,64.0,8.0,1,15.0
Yenilenmiş iPhone 14,61.79897,https://www.trendyol.com/apple/yenilenmis-iphone-14-pro-max-128gb-altin-a-kalite-p-783822121,6.0,20.0,128.0,12.0,0,30.0
iPhone 16 Pro Max 256GB,99.999,https://www.trendyol.com/apple/iphone-16-pro-max-256gb-beyaz-titanyum-p-857296102,8.0,20.0,256.0,12.0,1,30.0
Yenilenmiş IPHONE 13,30.672,https://www.trendyol.com/apple/yenilenmis-iphone-13-128gb-b-kalite-pembe-p-810332854,4.0,20.0,128.0,12.0,0,30.0
iPhone 16 Pro 256GB,89.949,https://www.trendyol.com/apple/iphone-16-pro-256gb-siyah-titanyum-p-857296104,8.0,20.0,256.0,12.0,1,30.0
Yenilenmiş Iphone Xs 64,12.599,https://www.trendyol.com/apple/yenilenmis-iphone-xs-64-gb-gumus-b-grade-p-689224726,4.0,20.0,64.0,12.0,0,30.0
iPhone 16 Pro 128GB Çöl,82.999,https://www.trendyol.com/apple/iphone-16-pro-128gb-col-titanyum-p-857296094,8.0,20.0,128.0,12.0,1,30.0
